Crash_County_Description,Crash_Severity_Description,Reportnumber,Agencyname,CollisionImpact_Description,FunctionalClass_Description,ImpairedCrash,Large_Vehicle_Involved,Motorcycle_Crash,Non-Motorist_Crash,RoadName,Route_Number,RouteType_Description,Unrestrained_Occupants,WithinDateRange,Work_Zone_Related,Crashdate,LOD_Crash_Date,Crashhour,AgencyCode,CollisionImpact,Crash_County,Crash_Severity,Crash_Within_Interchange,CrashInterchangeApproaches,CrashPoint,Crashtime,CrashYear,Dayofweek,FirstHarmEvent,FirstHarmEvent_Description,FirstHarmLocation,FirstHarmLocation_Description,FunctionalClass,Geometry_Description,GovPropertyDamage,GovPropertyDamage_Description,IntersectingRoadName,Intersection_Geometry,JunctionRelated,JunctionRelated_Description,Latitude,Light,Light_Description,LOD_Date_Level,Longitude,MilepointDirection,MilepointDistance,MilepointUnits,NonTrafficFatal,OffRoad,OffroadLocation,OffroadLocation_Description,RoadID,RouteType,SchoolBusRelated,SchoolBusRelated_Description,SecondHarmEvent,SecondHarmEvent_Description,SecondHarmLocation,SecondHarmLocation_Description,Surface,Surface_Description,TrafficControl,Trafficcontrol_Description,Work_Zone_Crash,WZLawEnforcementPresent,WZLocation,WZLocation_Description,WZType,WZType_Description,WZWorkersPresent,year,geometry
Prince George's,Injury Crashes,DA418100DD,Prince George's County Police,Other,Principal Arterial – Other,No,No,No,No,,1,UNITED STATE ROUTE,No,TRUE,No,6/28/2024,6/28/2024,14,PGCOPD,98,16,2,No,,Point,14:47,2024,Friday,12,Motor Vehicle In Transport,9,Roadside,3,,,,,,9,Through Roadway,38.97435795,1,Daylight,6/28/2024,-76.93787644,W,10.75,F,N,No,,,8AA990066EFD109BD6A08B27CC29277D9C013BC8DC9514713895B496416DF6D9,US,1,No,15,Parked Vehicle,2,In Parking Lane Or Zone,1,Dry,,,No,,,,,,,2024,POINT (-76.937876437 38.974357953)
Prince George's,Property Damage Crashes,DA4050005V,Prince George's County Police,Single Vehicle,,No,No,No,No,PARKING LOT,3422,LOCAL ROAD,No,TRUE,No,5/4/2024,5/4/2024,3,PGCOPD,101,16,3,No,,Point,3:58,2024,Saturday,38,Traffic Sign Support,3,Median,,,100,Local,RIVER RD,,9,Through Roadway,38.97501547,3,Dark - Lighted,5/4/2024,-76.92817418,S,19.87,F,N,No,,,B59B44514AD235BBED74B57F1E33E5C6891548EE7A496D2E54EE3B0513459862,LL,1,No,41,Utility Pole/Light Support,3,Median,9,Wet,,,No,,,,,,,2024,POINT (-76.928174179 38.975015465)
Prince George's,Property Damage Crashes,DA14540004,Prince George's County Police,Single Vehicle,Local,No,No,No,No,OLD CALVERT RD,559,COUNTY ROAD,No,TRUE,No,1/20/2024,1/20/2024,3,PGCOPD,101,16,3,No,,Point,3:25,2024,Saturday,9,Animal (live),5,On Roadway,7,,,,,,9,Through Roadway,38.97567616,4,Dark - Not Lighted,1/20/2024,-76.91598508,E,16.49,F,N,No,,,3AEFF8D42B950DE593FEB629E975CEC5B1F1C85B5B5968A953046219E41655EA,CO,1,No,,,,,6,Slush,,,No,,,,,,,2024,POINT (-76.915985083 38.975676157)
Prince George's,Property Damage Crashes,DA418600BK,Prince George's County Police,"Sideswipe, Same Direction",Principal Arterial – Other,No,No,No,No,,1,UNITED STATE ROUTE,No,TRUE,No,12/5/2024,12/5/2024,18,PGCOPD,7,16,3,No,,Point,18:48,2024,Thursday,12,Motor Vehicle In Transport,5,On Roadway,3,,,,,,1,Acceleration/Deceleration Lane,38.97647402,3,Dark - Lighted,12/5/2024,-76.93789151,N,24.02,F,N,No,,,BE28BEA3CD91E278FCAE910EFA882DF91F8381D51C21C40CA3C57FF5F759BDB2,US,1,No,,,,,1,Dry,,,No,,,,,,,2024,POINT (-76.93789151199999 38.97647402)
Prince George's,Property Damage Crashes,DA43790012,Prince George's County Police,Rear To Side,Principal Arterial – Other,No,No,No,No,,1,UNITED STATE ROUTE,No,TRUE,No,11/20/2024,11/20/2024,17,PGCOPD,5,16,3,No,,Point,17:50,2024,Wednesday,12,Motor Vehicle In Transport,5,On Roadway,3,,,,,,1,Acceleration/Deceleration Lane,38.97662761,3,Dark - Lighted,11/20/2024,-76.9379069,N,19.52,F,N,No,,,9B119009C8599984614FEBAF49D33267A2B95392071612D1EB2DD485BEFFDF64,US,1,No,,,,,1,Dry,,,No,,,,,,,2024,POINT (-76.93790690100001 38.97662761)
Prince George's,Property Damage Crashes,DA4069009C,Prince George's County Police,Angle,Principal Arterial – Other,No,No,No,No,BALTIMORE AVE,1,UNITED STATE ROUTE,No,TRUE,No,9/3/2024,9/3/2024,17,PGCOPD,1,16,3,No,,Point,17:17,2024,Tuesday,12,Motor Vehicle In Transport,5,On Roadway,3,,,,,,9,Through Roadway,38.97696186,1,Daylight,9/3/2024,-76.93791431,N,19.38,F,N,No,,,54EC31F2F963962A17C772535EAB2B7065C1DB44D8D698760A5D64D24882C799,US,1,No,,,,,1,Dry,,,No,,,,,,,2024,POINT (-76.93791430900001 38.976961859)
Prince George's,Property Damage Crashes,DA27770039,Prince George's County Police,Rear To Side,,No,No,No,No,,,,No,TRUE,No,7/31/2024,7/31/2024,12,PGCOPD,5,16,3,,,Point,12:22,2024,Wednesday,15,Parked Vehicle,2,In Parking Lane Or Zone,,,,,,,,,38.9772197,1,Daylight,7/31/2024,-76.93799428,,,F,N,Yes,102,Parking Lot Way,,,1,No,97,Not Applicable,,,,,,,No,,,,,,,2024,POINT (-76.93799428200001 38.977219696)
Prince George's,Property Damage Crashes,DA41420071,Prince George's County Police,"Sideswipe, Same Direction",Principal Arterial – Other,No,No,No,No,BALTIMORE AVE,1,UNITED STATE ROUTE,No,TRUE,No,10/14/2024,10/14/2024,17,PGCOPD,7,16,3,No,,Point,17:00,2024,Monday,12,Motor Vehicle In Transport,5,On Roadway,3,,,,,,99,Unknown,38.97729638,1,Daylight,10/14/2024,-76.93795696,E,10.54,F,N,No,,,48E2AB6586EA885312A7860329166255F08DC3DB7132BD784A210C9D41027EFB,US,1,No,12,Motor Vehicle In Transport,99,Unknown,1,Dry,,,No,,,,,,,2024,POINT (-76.937956962 38.977296379)
Prince George's,Property Damage Crashes,DS05290002,University of Maryland Police College Park,"Sideswipe, Same Direction",Local,No,Yes,No,No,GUILFORD DR,550,MUNICIPAL ROAD,No,TRUE,No,8/26/2024,8/26/2024,12,UMCP,7,16,3,No,,Point,12:17,2024,Monday,12,Motor Vehicle In Transport,5,On Roadway,7,,,,,,6,Non-Junction,38.97762016,1,Daylight,8/26/2024,-76.93812686,S,34.23,F,N,No,,,EFFBD3696F3B4863E751FE8642C99FC992FF416B34A6839EADD88745ADFFA88A,MU,1,No,,,,,1,Dry,,,No,,,,,,,2024,POINT (-76.938126856 38.977620157)
Prince George's,Property Damage Crashes,DA3393000T,Prince George's County Police,Front to Rear,Principal Arterial – Other,No,No,No,No,BALTIMORE AVE (SB/L),1,UNITED STATE ROUTE,No,TRUE,No,11/17/2024,11/17/2024,17,PGCOPD,3,16,3,No,,Point,17:00,2024,Sunday,12,Motor Vehicle In Transport,5,On Roadway,3,,,,,,6,Non-Junction,38.97766401,101,Dusk,11/17/2024,-76.93796298,N,20.05,F,N,No,,,B91844A6AF40631A57ADD64972BECCF6B1329D1AB892FC3B98AF0F70B1106443,US,1,No,,,,,1,Dry,,,No,,,,,,,2024,POINT (-76.937962981 38.977664005)
Prince George's,Property Damage Crashes,DA4293002X,Prince George's County Police,Front to Rear,Principal Arterial – Other,No,Yes,No,No,BALTIMORE AVE (SB/L),1,UNITED STATE ROUTE,No,TRUE,No,5/9/2024,5/9/2024,16,PGCOPD,3,16,3,No,,Point,16:51,2024,Thursday,12,Motor Vehicle In Transport,5,On Roadway,3,,,,,,6,Non-Junction,38.97788121,1,Daylight,5/9/2024,-76.93798683,S,29.25,F,N,No,,,D9E09719EF9A38166CE9D3F5FB54C143E6A8FC8C761F08F0A884AE0BA74E646E,US,1,No,,,,,1,Dry,,,No,,,,,,,2024,POINT (-76.93798683 38.977881206)
Prince George's,Property Damage Crashes,DA418600BM,Prince George's County Police,Front to Rear,Major Collector,No,Yes,No,No,RIVER RD (NB/L),431,MARYLAND ROUTE,No,TRUE,No,12/5/2024,12/5/2024,21,PGCOPD,3,16,3,Yes,,Point,21:44,2024,Thursday,12,Motor Vehicle In Transport,5,On Roadway,5,,,,,,99,Unknown,38.97799947,3,Dark - Lighted,12/5/2024,-76.92653651,N,3.03,F,N,No,,,16FC022AA767A923939A6BF6EDBD4B761F712E63B3FD07654992FA78C1CAB9A5,MD,1,No,,,,,2,Ice/Frost,,,No,,,,,,,2024,POINT (-76.92653651099999 38.977999474)
Prince George's,Property Damage Crashes,DA4387000L,Prince George's County Police,Unknown,Major Collector,No,No,No,No,RIVER RD,431,MARYLAND ROUTE,No,TRUE,No,6/3/2024,6/3/2024,0,PGCOPD,99,16,3,No,,Point,0:07,2024,Monday,12,Motor Vehicle In Transport,5,On Roadway,5,,,,CAMPUS DR CAMPUS DR (NB/L),,99,Unknown,38.97810251,3,Dark - Lighted,6/3/2024,-76.92639168,N,28.35,F,N,No,,,D26FF4A2CC420EAF59C1128A380FF12C913BB1D829FD4C33450B7EF6B8E6E3E0,MD,1,No,,,,,1,Dry,,,No,,,,,,,2024,POINT (-76.92639167599999 38.978102512)
Prince George's,Property Damage Crashes,DS0426001D,University of Maryland Police College Park,Rear To Side,,No,Yes,No,No,,,,No,TRUE,No,2/15/2024,2/15/2024,10,UMCP,5,16,3,,,Point,10:18,2024,Thursday,12,Motor Vehicle In Transport,2,In Parking Lane Or Zone,,,,,,,,,38.97828996,1,Daylight,2/15/2024,-76.94014965,,,F,N,Yes,102,Parking Lot Way,,,1,No,97,Not Applicable,,,,,,,No,,,,,,,2024,POINT (-76.94014964500001 38.97828996)
Prince George's,Property Damage Crashes,DS05160008,University of Maryland Police College Park,"Sideswipe, Opposite Direction",Minor Arterial,No,No,No,No,CAMPUS DR,3642,COUNTY ROAD,No,TRUE,No,5/13/2024,5/13/2024,9,UMCP,6,16,3,No,,Point,9:45,2024,Monday,12,Motor Vehicle In Transport,5,On Roadway,4,,,,RIVER RD RIVER RD (NB/L),,6,Non-Junction,38.97830038,1,Daylight,5/13/2024,-76.92644705,S,56.1,F,N,No,,,3509BF46CF5216172993048BEF1AACF5BB0FC1B9F35B420CFA94B6FC51EB3D21,CO,1,No,,,,,1,Dry,,,No,,,,,,,2024,POINT (-76.926447047 38.978300381)
Prince George's,Property Damage Crashes,MSP78650003,Maryland State Police,Front to Rear,Principal Arterial – Other,No,No,No,No,BALTIMORE AVE (SB/L),1,UNITED STATE ROUTE,No,TRUE,No,11/20/2024,11/20/2024,12,MSP,3,16,3,No,4,Point,12:09,2024,Wednesday,12,Motor Vehicle In Transport,5,On Roadway,3,Perpendicular,,,CALVERT RD,3,5,Intersection or Related,38.97845603,1,Daylight,11/20/2024,-76.93812467,E,0,F,N,No,,,B0B1A4B8B9EDC73FEA85F2ED580D30D831F9DDE70ACCD361420DEAB13C82A6AC,US,1,No,,,,,1,Dry,1,Signalized,No,,,,,,,2024,POINT (-76.938124665 38.978456033)
Prince George's,Property Damage Crashes,DA41020075,Prince George's County Police,Front to Rear,Minor Arterial,No,No,No,No,CAMPUS DR,431,MARYLAND ROUTE,No,TRUE,No,2/1/2024,2/1/2024,0,PGCOPD,3,16,3,No,,Point,0:36,2024,Thursday,12,Motor Vehicle In Transport,5,On Roadway,4,,,,,,6,Non-Junction,38.97846877,3,Dark - Lighted,2/1/2024,-76.92654141,N,34.3,F,N,No,,,B7D4A7CCF7E0D32431C17E875D1BEC2AFF3C099DBD4FD8359B54E3328729675D,MD,1,No,12,Motor Vehicle In Transport,5,On Roadway,1,Dry,,,No,,,,,,,2024,POINT (-76.926541413 38.978468771)
Prince George's,Property Damage Crashes,DA306200CY,Prince George's County Police,Single Vehicle,,No,No,No,No,,,,No,TRUE,No,8/6/2024,8/6/2024,22,PGCOPD,101,16,3,,,Point,22:17,2024,Tuesday,35,"Other Fixed Object (wall, building, tunnel, etc.)",2,In Parking Lane Or Zone,,,,,,,,,38.97923847,3,Dark - Lighted,8/6/2024,-76.93910403,,,F,N,Yes,102,Parking Lot Way,,,1,No,,,,,,,,,No,,,,,,,2024,POINT (-76.93910402500001 38.979238471)
Prince George's,Property Damage Crashes,DA4293002P,Prince George's County Police,Rear To Rear,,No,No,No,No,,,,No,TRUE,No,4/6/2024,4/6/2024,18,PGCOPD,4,16,3,,,Point,18:11,2024,Saturday,15,Parked Vehicle,8,Outside Road/Right-Of-Way,,,,,,,,,38.97944086,1,Daylight,4/6/2024,-76.93855546,,,F,N,Yes,102,Parking Lot Way,,,1,No,,,,,,,,,No,,,,,,,2024,POINT (-76.938555458 38.979440858)
Prince George's,Property Damage Crashes,DA4193007D,Prince George's County Police,Front to Front,Major Collector,No,Yes,No,No,HARTWICK RD,561,MUNICIPAL ROAD,Yes,TRUE,No,9/17/2024,9/17/2024,17,PGCOPD,2,16,3,Yes,4,Point,17:10,2024,Tuesday,12,Motor Vehicle In Transport,5,On Roadway,5,Perpendicular,,,BALTIMORE AVE,3,5,Intersection or Related,38.97959135,1,Daylight,9/17/2024,-76.93782555,W,0,F,N,No,,,2DCCD59002CE7D810E45CD96758473BA6A9DADE70B71E50F909E51E8DC114CE9,MU,1,No,,,,,9,Wet,1,Signalized,No,,,,,,,2024,POINT (-76.937825545 38.979591354)
Prince George's,Property Damage Crashes,DA4050005F,Prince George's County Police,"Sideswipe, Same Direction",Local,No,No,No,No,GUILFORD DR,550,MUNICIPAL ROAD,No,TRUE,No,1/28/2024,1/28/2024,9,PGCOPD,7,16,3,No,,Point,9:30,2024,Sunday,15,Parked Vehicle,5,On Roadway,7,,,,,,9,Through Roadway,38.97966637,99,Unknown,1/28/2024,-76.94241659,S,27.8,F,N,No,,,7E4B092C5BA270CE8C27C13350238153A17C4396B27E4F91C19DC741273AE043,MU,1,No,,,,,1,Dry,,,No,,,,,,,2024,POINT (-76.942416591 38.979666366)
Prince George's,Property Damage Crashes,DA418100CM,Prince George's County Police,Unknown,Major Collector,No,No,No,Yes,GUILFORD DR (WB/L),550,MUNICIPAL ROAD,No,TRUE,No,3/10/2024,3/10/2024,23,PGCOPD,99,16,3,No,3,Point,23:20,2024,Sunday,14,Other Non-Motorist,5,On Roadway,5,Perpendicular,,,HARTWICK RD,3,5,Intersection or Related,38.9798809,3,Dark - Lighted,3/10/2024,-76.94235091,S,0,F,N,No,,,D1D0DC5CC8AB456E3755489247B2C8D8B0932B043C58FB715333D82426B8B094,MU,1,No,,,,,1,Dry,2,Stop - All Way,No,,,,,,,2024,POINT (-76.94235090799999 38.979880904)
Prince George's,Property Damage Crashes,DA3496001M,Prince George's County Police,"Sideswipe, Opposite Direction",Minor Arterial,No,Yes,No,No,CAMPUS DR,431,MARYLAND ROUTE,No,TRUE,No,7/10/2024,7/10/2024,8,PGCOPD,6,16,3,No,,Point,8:49,2024,Wednesday,12,Motor Vehicle In Transport,5,On Roadway,4,,100,Local,,,9,Through Roadway,38.98018607,1,Daylight,7/10/2024,-76.92716154,N,10.68,F,N,No,,,E604DE675B301062CDD7DCBFB83D8943CCAFCF14CA98D5B33FDD1027F99397CC,MD,1,No,12,Motor Vehicle In Transport,5,On Roadway,1,Dry,,,No,,,,,,,2024,POINT (-76.927161537 38.980186067)
Prince George's,Property Damage Crashes,DA418100CQ,Prince George's County Police,Front to Rear,Major Collector,No,No,No,No,GUILFORD DR,550,MUNICIPAL ROAD,No,TRUE,No,3/29/2024,3/29/2024,0,PGCOPD,3,16,3,No,,Point,0:46,2024,Friday,12,Motor Vehicle In Transport,9,Roadside,5,,,,,,9,Through Roadway,38.98030314,3,Dark - Lighted,3/29/2024,-76.94348888,N,38.55,F,N,No,,,0735F94E1AA5BFBD07EF2AD33F321264BF738FF0F4146B92C301CDF31DB3146B,MU,1,No,15,Parked Vehicle,2,In Parking Lane Or Zone,1,Dry,,,No,,,,,,,2024,POINT (-76.943488883 38.980303137)
Prince George's,Property Damage Crashes,DS05300002,University of Maryland Police College Park,Rear To Side,,No,No,No,No,,,,No,TRUE,No,12/18/2024,12/18/2024,21,UMCP,5,16,3,,,Point,21:10,2024,Wednesday,12,Motor Vehicle In Transport,4,"Off-Roadway, Location Unknown",,,101,State,,,,,38.98033208,3,Dark - Lighted,12/18/2024,-76.93876605,,,F,N,Yes,102,Parking Lot Way,,,1,No,12,Motor Vehicle In Transport,4,"Off-Roadway, Location Unknown",,,,,No,,,,,,,2024,POINT (-76.938766046 38.980332081)
Prince George's,Injury Crashes,DA4060005V,Prince George's County Police,Single Vehicle,Local,No,No,No,Yes,KNOX RD,670,MUNICIPAL ROAD,No,TRUE,No,4/19/2024,4/19/2024,19,PGCOPD,101,16,2,No,,Point,19:18,2024,Friday,17,Pedestrian,5,On Roadway,7,,,,,,6,Non-Junction,38.98072138,101,Dusk,4/19/2024,-76.93736006,N,18.03,F,N,No,,,DEC78EC4E8C9AA4BB59BA9E9C4A4FC23F0770AC01D2A420725214436DBADEA65,MU,1,No,97,Not Applicable,,,1,Dry,,,No,,,,,,,2024,POINT (-76.937360056 38.980721378)
Prince George's,Property Damage Crashes,DA4193007H,Prince George's County Police,Front to Rear,,No,No,No,No,,,,No,TRUE,No,10/10/2024,10/10/2024,13,PGCOPD,3,16,3,,,Point,13:35,2024,Thursday,12,Motor Vehicle In Transport,4,"Off-Roadway, Location Unknown",,,,,,,,,38.98083172,1,Daylight,10/10/2024,-76.93877341,,,F,N,Yes,102,Parking Lot Way,,,1,No,,,,,,,,,No,,,,,,,2024,POINT (-76.938773411 38.980831723)
Prince George's,Property Damage Crashes,DA4193007G,Prince George's County Police,Front to Rear,,No,No,No,No,,,,No,TRUE,No,10/5/2024,10/5/2024,11,PGCOPD,3,16,3,,,Point,11:42,2024,Saturday,12,Motor Vehicle In Transport,4,"Off-Roadway, Location Unknown",,,,,,,,,38.98086983,1,Daylight,10/5/2024,-76.93877392,,,F,N,Yes,102,Parking Lot Way,,,1,No,,,,,,,,,No,,,,,,,2024,POINT (-76.938773919 38.98086983)
Prince George's,Property Damage Crashes,DS0283000Z,University of Maryland Police College Park,"Sideswipe, Same Direction",Principal Arterial – Other,No,No,No,No,BALTIMORE AVE,1,UNITED STATE ROUTE,Yes,TRUE,No,9/12/2024,9/12/2024,23,UMCP,7,16,3,No,4,Point,23:10,2024,Thursday,12,Motor Vehicle In Transport,5,On Roadway,3,Perpendicular,,,KNOX RD,3,5,Intersection or Related,38.98089059,3,Dark - Lighted,9/12/2024,-76.93787791,S,0,F,N,No,,,DA044D68DA1524857E05639D347DB6A60AF71787DA04A021B0D53B849B9ED767,US,1,No,,,,,1,Dry,1,Signalized,No,,,,,,,2024,POINT (-76.937877911 38.980890585)
Prince George's,Property Damage Crashes,DA418100CX,Prince George's County Police,"Sideswipe, Opposite Direction",Minor Arterial,No,No,No,No,CAMPUS DR,431,MARYLAND ROUTE,No,TRUE,No,4/26/2024,4/26/2024,19,PGCOPD,6,16,3,No,,Point,19:28,2024,Friday,12,Motor Vehicle In Transport,5,On Roadway,4,,100,Local,,,9,Through Roadway,38.98100344,1,Daylight,4/26/2024,-76.92741496,N,23,F,N,No,,,5AF003A92A31BD57332C839CB905008D51B002A6ABC3CD84A95818D5CF56C075,MD,1,No,97,Not Applicable,,,1,Dry,,,No,,,,,,,2024,POINT (-76.927414961 38.981003443)
Prince George's,Injury Crashes,DS05240008,University of Maryland Police College Park,Single Vehicle,Local,No,No,No,Yes,KNOX RD,670,MUNICIPAL ROAD,No,TRUE,No,11/12/2024,11/12/2024,16,UMCP,101,16,2,No,,Point,16:04,2024,Tuesday,17,Pedestrian,5,On Roadway,7,,,,,,10,"Other Location Not Listed Above Within an Interchange Area (median,
shoulder and roadside)",38.98110748,1,Daylight,11/12/2024,-76.9408124,E,16.93,F,N,No,,,F35FDA997AE319C0CB1EDA7DF651EB578E81EA6D2D6EF1DC246FF5EB4D563062,MU,1,No,,,,,1,Dry,,,No,,,,,,,2024,POINT (-76.940812399 38.98110748)
Prince George's,Property Damage Crashes,DS05240004,University of Maryland Police College Park,Front to Front,Local,No,No,No,No,KNOX RD,670,MUNICIPAL ROAD,No,TRUE,No,7/19/2024,7/19/2024,10,UMCP,2,16,3,No,,Point,10:19,2024,Friday,12,Motor Vehicle In Transport,5,On Roadway,7,,,,,,3,Driveway Access or Related,38.9811117,1,Daylight,7/19/2024,-76.93993112,W,25.84,F,N,No,,,AD24AAA9BF7139165FE48A3884F92A21A8D1FC2780A3EA31CD0D670D48FC2D96,MU,1,No,,,,,1,Dry,,,No,,,,,,,2024,POINT (-76.939931124 38.981111699)
Prince George's,Property Damage Crashes,DS0531000B,University of Maryland Police College Park,Single Vehicle,Local,No,Yes,No,No,KNOX RD,670,MUNICIPAL ROAD,No,TRUE,No,12/19/2024,12/19/2024,5,UMCP,101,16,3,No,,Point,5:35,2024,Thursday,41,Utility Pole/Light Support,9,Roadside,7,,101,State,,,9,Through Roadway,38.98114404,3,Dark - Lighted,12/19/2024,-76.94008719,W,34.62,F,N,No,,,308CF12665BFF8CE367DB8D1BD2134CA1C6D89B571F7F017DA3BCFB8591D27E5,MU,1,No,,,,,1,Dry,,,No,,,,,,,2024,POINT (-76.940087194 38.981144041)
Prince George's,Property Damage Crashes,DS04830011,University of Maryland Police College Park,"Sideswipe, Same Direction",Principal Arterial – Other,No,Yes,No,No,BALTIMORE AVE,1,UNITED STATE ROUTE,No,TRUE,No,5/2/2024,5/2/2024,15,UMCP,7,16,3,No,,Point,15:22,2024,Thursday,12,Motor Vehicle In Transport,5,On Roadway,3,,,,,,6,Non-Junction,38.98121955,1,Daylight,5/2/2024,-76.93786775,S,20.59,F,N,No,,,DA92B2E72DB14C6BC6F6380877ECF372B03EAB1F17F6561B3CE63C6D1580367B,US,1,No,12,Motor Vehicle In Transport,5,On Roadway,1,Dry,,,No,,,,,,,2024,POINT (-76.937867751 38.981219545)
Prince George's,Property Damage Crashes,DS05080009,University of Maryland Police College Park,Single Vehicle,,No,No,No,Yes,,94,STATE ROAD,No,TRUE,No,1/20/2024,1/20/2024,16,UMCP,101,16,3,No,,Point,16:17,2024,Saturday,14,Other Non-Motorist,5,On Roadway,,,,,PREINKERT DR,,6,Non-Junction,38.98127832,1,Daylight,1/20/2024,-76.94483108,S,6.1,F,N,No,,,99DE1284270CE13E21CCF764EA7634FB3C9BC78C55AAD6D44D9AC8A7C553FC85,SR,1,No,,,,,2,Ice/Frost,,,No,,,,,,,2024,POINT (-76.944831077 38.981278317)
Prince George's,Property Damage Crashes,DA4193007B,Prince George's County Police,"Sideswipe, Same Direction",Local,No,No,No,No,COLLEGE AVE,270,MUNICIPAL ROAD,No,TRUE,No,9/6/2024,9/6/2024,11,PGCOPD,7,16,3,No,,Point,11:03,2024,Friday,12,Motor Vehicle In Transport,5,On Roadway,7,,,,,,6,Non-Junction,38.98142202,1,Daylight,9/6/2024,-76.93469273,E,27.08,F,N,No,,,2D94E17E79B96AD4D5FDA7BF280FDDFFA80F1B8209D8C758C28EDC0AB0A343FA,MU,1,No,,,,,1,Dry,,,No,,,,,,,2024,POINT (-76.934692725 38.981422021)
Prince George's,Property Damage Crashes,DS0457000P,University of Maryland Police College Park,Single Vehicle,Local,Yes,No,No,No,LEHIGH AVE,710,MUNICIPAL ROAD,No,TRUE,No,5/13/2024,5/13/2024,5,UMCP,101,16,3,No,2,Point,5:40,2024,Monday,27,Curb,3,Median,7,Perpendicular,101,State,BALTIMORE AVE,3,5,Intersection or Related,38.98157526,1,Daylight,5/13/2024,-76.93779033,S,0,F,N,No,,,3D373215F242FD8712A6FFAD654FC497BCA0B0B1084608DCB34B8C8E9C5A9861,MU,1,No,36,"Other Post, Pole, Or Support",3,Median,1,Dry,5,No Controls,No,,,,,,,2024,POINT (-76.937790327 38.981575257)
Prince George's,Property Damage Crashes,DA418100D2,Prince George's County Police,"Sideswipe, Same Direction",Local,No,No,No,No,YALE AVE,1260,MUNICIPAL ROAD,No,TRUE,No,5/19/2024,5/19/2024,9,PGCOPD,7,16,3,No,,Point,9:30,2024,Sunday,15,Parked Vehicle,2,In Parking Lane Or Zone,7,,,,,,9,Through Roadway,38.98162702,1,Daylight,5/19/2024,-76.93632183,W,1.51,F,N,No,,,244FA346B549BFB52427F117588DACDE93C20F1CB5B8559D7554535985801CD5,MU,1,No,,,,,1,Dry,,,No,,,,,,,2024,POINT (-76.936321827 38.981627019)
Prince George's,Property Damage Crashes,DS05290004,University of Maryland Police College Park,Rear To Side,Local,No,Yes,No,No,LEHIGH RD,92,STATE ROAD,No,TRUE,No,11/21/2024,11/21/2024,8,UMCP,5,16,3,No,,Point,8:23,2024,Thursday,12,Motor Vehicle In Transport,5,On Roadway,7,,,,,,6,Non-Junction,38.98170407,1,Daylight,11/21/2024,-76.94347154,E,21.2,F,N,No,,,F6A160F5309816C62CC8D145B27ADDDEAF953EE6B9801DA634EE70F252BC18E4,SR,1,No,,,,,1,Dry,,,No,,,,,,,2024,POINT (-76.943471538 38.981704074)
Prince George's,Property Damage Crashes,DS0242001V,University of Maryland Police College Park,Front to Rear,Local,No,No,No,No,LEHIGH RD,715,MUNICIPAL ROAD,No,TRUE,No,5/17/2024,5/17/2024,11,UMCP,3,16,3,No,,Point,11:45,2024,Friday,12,Motor Vehicle In Transport,5,On Roadway,7,,,,BALTIMORE AVE (SB/L),,6,Non-Junction,38.98177802,1,Daylight,5/17/2024,-76.93796342,N,14.92,F,N,No,,,E1D5DB775DBFE810B698784B507485312896C3281086B13BC7F45BE21EC35850,MU,1,No,97,Not Applicable,,,1,Dry,,,No,,,,,,,2024,POINT (-76.937963424 38.981778022)
Prince George's,Property Damage Crashes,DA3447003W,Prince George's County Police,Angle,Local,No,Yes,No,No,YALE AVE,1260,MUNICIPAL ROAD,No,TRUE,No,7/22/2024,7/22/2024,10,PGCOPD,1,16,3,Yes,4,Point,10:53,2024,Monday,12,Motor Vehicle In Transport,5,On Roadway,7,Perpendicular,100,Local,COLLEGE AVE,3,5,Intersection or Related,38.98186217,1,Daylight,7/22/2024,-76.93623986,S,0,F,N,No,,,6F10C87D633DC4B71EC30DA6D16860B1BB0B873B6270EC71EA2335B996C96F1F,MU,1,No,,,,,1,Dry,2,Stop - All Way,No,,,,,,,2024,POINT (-76.936239859 38.981862172)
Prince George's,Property Damage Crashes,DS0503000P,University of Maryland Police College Park,"Sideswipe, Same Direction",Local,No,No,No,No,COLLEGE AVE,270,MUNICIPAL ROAD,No,TRUE,No,9/9/2024,9/9/2024,17,UMCP,7,16,3,Yes,,Point,17:44,2024,Monday,12,Motor Vehicle In Transport,5,On Roadway,7,,,,,,9,Through Roadway,38.9818997,1,Daylight,9/9/2024,-76.93677336,S,4.42,F,N,No,,,F57C65F7AD1A4206551E2DC6FF2F41C006213C596270BE1201C52BC87D893E44,MU,1,No,12,Motor Vehicle In Transport,5,On Roadway,1,Dry,,,No,,,,,,,2024,POINT (-76.936773358 38.981899696)