Crash_County_Description,Crash_Severity_Description,Reportnumber,Agencyname,CollisionImpact_Description,FunctionalClass_Description,ImpairedCrash,Large_Vehicle_Involved,Motorcycle_Crash,Non-Motorist_Crash,RoadName,Route_Number,RouteType_Description,Unrestrained_Occupants,WithinDateRange,Work_Zone_Related,Crashdate,LOD_Crash_Date,Crashhour,AgencyCode,CollisionImpact,Crash_County,Crash_Severity,Crash_Within_Interchange,CrashInterchangeApproaches,CrashPoint,Crashtime,CrashYear,Dayofweek,FirstHarmEvent,FirstHarmEvent_Description,FirstHarmLocation,FirstHarmLocation_Description,FunctionalClass,Geometry_Description,GovPropertyDamage,GovPropertyDamage_Description,IntersectingRoadName,Intersection_Geometry,JunctionRelated,JunctionRelated_Description,Latitude,Light,Light_Description,LOD_Date_Level,Longitude,MilepointDirection,MilepointDistance,MilepointUnits,NonTrafficFatal,OffRoad,OffroadLocation,OffroadLocation_Description,RoadID,RouteType,SchoolBusRelated,SchoolBusRelated_Description,SecondHarmEvent,SecondHarmEvent_Description,SecondHarmLocation,SecondHarmLocation_Description,Surface,Surface_Description,TrafficControl,Trafficcontrol_Description,Work_Zone_Crash,WZLawEnforcementPresent,WZLocation,WZLocation_Description,WZType,WZType_Description,WZWorkersPresent,year,geometry
Prince George's,Property Damage Crashes,DS05160005,University of Maryland Police College Park,Front to Rear,Local,No,Yes,No,No,COLLEGE AVE,270,MUNICIPAL ROAD,No,TRUE,No,4/18/2024,4/18/2024,14,UMCP,3,16,3,No,,Point,14:30,2024,Thursday,15,Parked Vehicle,2,In Parking Lane Or Zone,7,,,,,,6,Non-Junction,38.98195366,1,Daylight,4/18/2024,-76.93698047,E,18.47,F,N,No,,,E8607BC5FA1C087315592ADB5CE7B89FC969CE69E856F6FCF799D47718901F41,MU,1,No,,,,,1,Dry,,,No,,,,,,,2024,POINT (-76.93698046900001 38.981953658)
Prince George's,Property Damage Crashes,DA41030091,Prince George's County Police,Angle,Principal Arterial – Other,No,No,No,No,BALTIMORE AVE,1,UNITED STATE ROUTE,No,TRUE,No,6/9/2024,6/9/2024,7,PGCOPD,1,16,3,No,,Point,7:39,2024,Sunday,12,Motor Vehicle In Transport,5,On Roadway,3,,,,,,6,Non-Junction,38.98211601,1,Daylight,6/9/2024,-76.93799882,N,63.78,F,N,No,,,7E099D58C4DAC2D591C0249E47D720FA864272854F3E2E328D565AF220686D81,US,1,No,,,,,1,Dry,,,No,,,,,,,2024,POINT (-76.937998815 38.982116013)
Prince George's,Property Damage Crashes,DS05240006,University of Maryland Police College Park,Single Vehicle,Local,Yes,No,No,No,REGENTS DR,162,STATE ROAD,No,TRUE,No,10/3/2024,10/3/2024,23,UMCP,101,16,3,No,,Point,23:40,2024,Thursday,27,Curb,9,Roadside,7,,,,,,6,Non-Junction,38.98254581,3,Dark - Lighted,10/3/2024,-76.93936644,W,38.2,F,N,No,,,970D7B2F0BC0EEADEE3E1D90E4540A3A16823A88ABD72CE3EA7960E233039055,SR,1,No,,,,,1,Dry,,,No,,,,,,,2024,POINT (-76.939366441 38.982545805)
Prince George's,Property Damage Crashes,DA3965007Z,Prince George's County Police,"Sideswipe, Opposite Direction",,No,Yes,No,No,CAMPUS DR,2235,LOCAL ROAD,No,TRUE,Yes,2/12/2024,2/12/2024,8,PGCOPD,6,16,3,Yes,,Point,8:57,2024,Monday,12,Motor Vehicle In Transport,5,On Roadway,,,,,CAMPUS DR,,99,Unknown,38.98270604,1,Daylight,2/12/2024,-76.92851357,S,18.98,F,N,No,,,F179C53360799BFF5C42AF59B2BCECE39C623802C77AA1C1A50DDAAE75EAF039,LL,1,No,12,Motor Vehicle In Transport,9,Roadside,1,Dry,,,Yes,N,4,Activity Area,2,Lane Shift/Crossover,Yes,2024,POINT (-76.928513573 38.982706039)
Prince George's,Property Damage Crashes,DS04980009,University of Maryland Police College Park,Rear To Rear,Local,No,No,No,No,REGENTS DR,162,STATE ROAD,No,TRUE,No,3/8/2024,3/8/2024,15,UMCP,4,16,3,No,,Point,15:16,2024,Friday,15,Parked Vehicle,2,In Parking Lane Or Zone,7,,101,State,,,6,Non-Junction,38.9827545,1,Daylight,3/8/2024,-76.9399416,E,56.56,F,N,No,,,E8D347AE0D4854C674896C9D73D0F09265DE4BB8F3691C3A3BBD1445518428B8,SR,1,No,,,,,1,Dry,,,No,,,,,,,2024,POINT (-76.9399416 38.9827545)
Prince George's,Property Damage Crashes,DS0458000Y,University of Maryland Police College Park,Front to Rear,,No,Yes,No,No,,,,No,TRUE,No,3/12/2024,3/12/2024,12,UMCP,3,16,3,,,Point,12:39,2024,Tuesday,15,Parked Vehicle,4,"Off-Roadway, Location Unknown",,,,,,,,,38.98275674,1,Daylight,3/12/2024,-76.94382662,,,F,N,Yes,104,Service Road,,,1,No,,,,,,,,,No,,,,,,,2024,POINT (-76.94382662300001 38.98275674)
Prince George's,Property Damage Crashes,DS05160003,University of Maryland Police College Park,Front to Front,,Yes,No,No,No,,,,Yes,TRUE,No,2/24/2024,2/24/2024,10,UMCP,2,16,3,,,Point,10:25,2024,Saturday,12,Motor Vehicle In Transport,2,In Parking Lane Or Zone,,,,,,,,,38.9828042,1,Daylight,2/24/2024,-76.93741017,,,F,N,Yes,102,Parking Lot Way,,,1,No,,,,,,,,,No,,,,,,,2024,POINT (-76.937410171 38.982804204)
Prince George's,Property Damage Crashes,DS0391002B,University of Maryland Police College Park,Rear To Rear,,No,No,No,No,,,,No,TRUE,No,11/25/2024,11/25/2024,7,UMCP,4,16,3,,,Point,7:20,2024,Monday,15,Parked Vehicle,2,In Parking Lane Or Zone,,,,,,,,,38.98283827,1,Daylight,11/25/2024,-76.93747334,,,F,N,Yes,100,Parking Stall,,,1,No,12,Motor Vehicle In Transport,2,In Parking Lane Or Zone,,,,,No,,,,,,,2024,POINT (-76.93747334 38.982838266)
Prince George's,Property Damage Crashes,DS0502000M,University of Maryland Police College Park,Front to Rear,,No,No,No,No,NO NAME,649,LOCAL ROAD,No,TRUE,No,10/23/2024,10/23/2024,15,UMCP,3,16,3,No,,Point,15:11,2024,Wednesday,12,Motor Vehicle In Transport,5,On Roadway,,,,,BALTIMORE AVE (SB/L),,6,Non-Junction,38.98284516,1,Daylight,10/23/2024,-76.93795256,S,15.12,F,N,No,,,7283ED1589E5E3717FD6BD1410E3084B7817A237AFACE5C5A0DE7B2B5F823DDC,LL,1,No,,,,,1,Dry,,,No,,,,,,,2024,POINT (-76.937952564 38.982845164)
Prince George's,Property Damage Crashes,DS04500011,University of Maryland Police College Park,Single Vehicle,,No,No,No,No,,,,Yes,TRUE,No,9/11/2024,9/11/2024,7,UMCP,101,16,3,,,Point,7:00,2024,Wednesday,35,"Other Fixed Object (wall, building, tunnel, etc.)",2,In Parking Lane Or Zone,,,101,State,,,,,38.98287243,1,Daylight,9/11/2024,-76.93693939,,,F,N,Yes,101,Parking Aisle,,,1,No,,,,,,,,,No,,,,,,,2024,POINT (-76.93693939000001 38.982872431)
Prince George's,Property Damage Crashes,DS0450000Y,University of Maryland Police College Park,Single Vehicle,,No,No,No,No,,,,No,TRUE,No,5/7/2024,5/7/2024,16,UMCP,101,16,3,,,Point,16:50,2024,Tuesday,35,"Other Fixed Object (wall, building, tunnel, etc.)",2,In Parking Lane Or Zone,,,101,State,,,,,38.98291178,1,Daylight,5/7/2024,-76.93670335,,,F,N,Yes,102,Parking Lot Way,,,1,No,97,Not Applicable,,,,,,,No,,,,,,,2024,POINT (-76.936703353 38.982911777)
Prince George's,Property Damage Crashes,DS0242001T,University of Maryland Police College Park,Single Vehicle,,No,No,No,No,,,,No,TRUE,No,4/22/2024,4/22/2024,10,UMCP,101,16,3,,,Point,10:00,2024,Monday,35,"Other Fixed Object (wall, building, tunnel, etc.)",4,"Off-Roadway, Location Unknown",,,101,State,,,,,38.98303996,1,Daylight,4/22/2024,-76.93600072,,,F,N,Yes,102,Parking Lot Way,,,1,No,97,Not Applicable,,,,,,,No,,,,,,,2024,POINT (-76.936000718 38.98303996)
Prince George's,Property Damage Crashes,DS0502000H,University of Maryland Police College Park,Single Vehicle,,No,No,No,No,,,,No,TRUE,No,5/15/2024,5/15/2024,10,UMCP,101,16,3,,,Point,10:06,2024,Wednesday,36,"Other Post, Pole, Or Support",2,In Parking Lane Or Zone,,,,,,,,,38.98312705,1,Daylight,5/15/2024,-76.94246944,,,F,N,Yes,102,Parking Lot Way,,,1,No,,,,,,,,,No,,,,,,,2024,POINT (-76.94246943900001 38.983127045)
Prince George's,Property Damage Crashes,DA3965007Y,Prince George's County Police,"Sideswipe, Opposite Direction",,No,Yes,No,No,,294,BIKE ROUTE,No,TRUE,No,2/5/2024,2/5/2024,21,PGCOPD,6,16,3,No,,Point,21:28,2024,Monday,12,Motor Vehicle In Transport,5,On Roadway,,,,,,,9,Through Roadway,38.98350193,5,Dark - Unknown Lighting,2/5/2024,-76.93083419,N,5.49,F,N,No,,,2D59300BF5A65A24B457CD027A136242E973001134E9C98D5A6540B3944C90C9,BK,1,No,12,Motor Vehicle In Transport,5,On Roadway,1,Dry,,,No,,,,,,,2024,POINT (-76.930834189 38.983501928)
Prince George's,Property Damage Crashes,DS05250002,University of Maryland Police College Park,"Sideswipe, Opposite Direction",,No,Yes,No,No,,294,BIKE ROUTE,No,TRUE,No,8/21/2024,8/21/2024,19,UMCP,6,16,3,No,,Point,19:16,2024,Wednesday,12,Motor Vehicle In Transport,5,On Roadway,,,,,CAMPUS DR,,6,Non-Junction,38.98351797,101,Dusk,8/21/2024,-76.93081732,S,13.23,F,N,No,,,781DADDC5189B518C594A8B25E98221199A8C9311035D73B49DEC718AD0FDCF4,BK,1,No,,,,,1,Dry,,,No,,,,,,,2024,POINT (-76.930817319 38.983517973)
Prince George's,Property Damage Crashes,DS0506000C,University of Maryland Police College Park,"Sideswipe, Opposite Direction",Minor Arterial,No,Yes,No,No,,431,MARYLAND ROUTE,Yes,TRUE,Yes,5/30/2024,5/30/2024,18,UMCP,6,16,3,No,,Point,18:00,2024,Thursday,12,Motor Vehicle In Transport,5,On Roadway,4,,,,,,6,Non-Junction,38.98357326,1,Daylight,5/30/2024,-76.93033665,W,190.07,F,N,No,,,DCEA65B70E98BFEB662F1B4730DF7FC848A3F9BEF48E39A632A9AFABA7565F12,MD,1,No,12,Motor Vehicle In Transport,5,On Roadway,1,Dry,,,Yes,N,1,Before the First Work Zone Warning Sign,5,Other Type of Work Zone,No,2024,POINT (-76.93033664799999 38.983573259)
Prince George's,Property Damage Crashes,DA3965008G,Prince George's County Police,Single Vehicle,Local,No,Yes,No,No,BRYN MAWR RD,170,MUNICIPAL ROAD,Yes,TRUE,No,10/22/2024,10/22/2024,16,PGCOPD,101,16,3,Yes,,Point,16:50,2024,Tuesday,36,"Other Post, Pole, Or Support",5,On Roadway,7,,,,,,9,Through Roadway,38.98364206,1,Daylight,10/22/2024,-76.91054009,N,27.11,F,N,No,,,13ACC1DB98060774FA6409E09F6C764A58DAF80C8810625B9813EF288BDDB8CE,MU,2,"Yes, School Bus Directly Involved",,,,,1,Dry,,,No,,,,,,,2024,POINT (-76.91054009200001 38.98364206)
Prince George's,Property Damage Crashes,DS0357001S,University of Maryland Police College Park,"Sideswipe, Opposite Direction",Local,No,No,No,No,REGENTS DR,162,STATE ROAD,No,TRUE,No,5/21/2024,5/21/2024,11,UMCP,6,16,3,No,,Point,11:04,2024,Tuesday,12,Motor Vehicle In Transport,5,On Roadway,7,,,,,,6,Non-Junction,38.9837078,1,Daylight,5/21/2024,-76.94005017,N,15.72,F,N,No,,,8DB819C44A5D9A3763A6F553957D0E81DD6D9FA8586692C4D410AD5314B232CC,SR,1,No,,,,,1,Dry,,,No,,,,,,,2024,POINT (-76.94005017000001 38.9837078)
Prince George's,Injury Crashes,DS0458000Z,University of Maryland Police College Park,Single Vehicle,Local,No,No,No,Yes,REGENTS DR,162,STATE ROAD,No,TRUE,No,3/14/2024,3/14/2024,11,UMCP,101,16,2,No,,Point,11:01,2024,Thursday,14,Other Non-Motorist,5,On Roadway,7,,,,,,6,Non-Junction,38.98452121,1,Daylight,3/14/2024,-76.94013742,E,11.31,F,N,No,,,9273A19B8D18A2B54B300BC90D00FCC2CDC85C1CE9735228CB2D80D7C7EB3A19,SR,1,No,,,,,1,Dry,,,No,,,,,,,2024,POINT (-76.940137419 38.984521213)
Prince George's,Injury Crashes,DA37740076,Prince George's County Police,Single Vehicle,Local,No,No,No,Yes,FRATERNITY ROW,82,STATE ROAD,No,TRUE,No,2/21/2024,2/21/2024,14,PGCOPD,101,16,2,Yes,2,Point,14:03,2024,Wednesday,17,Pedestrian,5,On Roadway,7,Perpendicular,,,BALTIMORE AVE,3,5,Intersection or Related,38.98454686,1,Daylight,2/21/2024,-76.93744508,S,0,F,N,No,,,2DAC0D5A467C7ED94BEB5B20449C168AB944026409E0AD655956D9CEDED18396,SR,1,No,,,,,1,Dry,1,Signalized,No,,,,,,,2024,POINT (-76.937445076 38.984546859)
Prince George's,Property Damage Crashes,DS04830015,University of Maryland Police College Park,Single Vehicle,Major Collector,No,No,No,No,CAMPUS DR,193,MARYLAND ROUTE,No,TRUE,Yes,9/2/2024,9/2/2024,21,UMCP,101,16,3,No,,Point,21:46,2024,Monday,27,Curb,9,Roadside,5,,,,,,6,Non-Junction,38.98462376,3,Dark - Lighted,9/2/2024,-76.95064206,W,19.42,F,N,No,,,B518DFE4BDADE30EC92BAAD93AF1FAC13CE821A56D0EB5C93F6CF4257E18BBDC,MD,1,No,,,,,1,Dry,,,Yes,N,4,Activity Area,4,Intermittent or Moving Work,No,2024,POINT (-76.95064205600001 38.984623759)
Prince George's,Property Damage Crashes,DS05200002,University of Maryland Police College Park,Front to Rear,Major Collector,No,No,No,No,CAMPUS DR (WB/L),193,MARYLAND ROUTE,No,TRUE,No,1/15/2024,1/15/2024,8,UMCP,3,16,3,No,4,Point,8:06,2024,Monday,12,Motor Vehicle In Transport,9,Roadside,5,Roundabout/Traffic Circle,,,,2,5,Intersection or Related,38.98474552,1,Daylight,1/15/2024,-76.9491014,N,0,F,N,No,,,4F18A0D4EBBBF314E7E1F5AD182296BBFEF05B14D59B1481E35D6036570E302F,MD,1,No,12,Motor Vehicle In Transport,9,Roadside,7,Snow,4,Yield,No,,,,,,,2024,POINT (-76.949101399 38.984745518)
Prince George's,Property Damage Crashes,DS04210029,University of Maryland Police College Park,Single Vehicle,,No,No,No,No,,,,No,TRUE,No,10/4/2024,10/4/2024,8,UMCP,101,16,3,,,Point,8:24,2024,Friday,36,"Other Post, Pole, Or Support",4,"Off-Roadway, Location Unknown",,,101,State,,,,,38.98493093,1,Daylight,10/4/2024,-76.93939518,,,F,N,Yes,104,Service Road,,,1,No,97,Not Applicable,,,,,,,No,,,,,,,2024,POINT (-76.939395178 38.984930931)
Prince George's,Property Damage Crashes,DA3319000J,Prince George's County Police,Front to Rear,Major Collector,No,No,No,No,CAMPUS DR,193,MARYLAND ROUTE,No,TRUE,No,3/8/2024,3/8/2024,18,PGCOPD,3,16,3,No,,Point,18:28,2024,Friday,12,Motor Vehicle In Transport,5,On Roadway,5,,,,,,6,Non-Junction,38.98514299,3,Dark - Lighted,3/8/2024,-76.95353366,S,14.72,F,N,No,,,E61F94528AD8C939D8373CCA30DEE7F7B552EDFF1E1E8630FD27E739BE5C1872,MD,1,No,,,,,1,Dry,,,No,,,,,,,2024,POINT (-76.953533655 38.98514299)
Prince George's,Property Damage Crashes,MSP7665005B,Maryland State Police,"Sideswipe, Opposite Direction",Minor Arterial,No,Yes,No,No,,431,MARYLAND ROUTE,No,TRUE,No,2/6/2024,2/6/2024,15,MSP,6,16,3,No,,Point,15:02,2024,Tuesday,12,Motor Vehicle In Transport,5,On Roadway,4,,,,,,6,Non-Junction,38.98515678,1,Daylight,2/6/2024,-76.93291234,N,22.58,F,N,No,,,F105D6FF84ADBD8CC1F248B13DBC2DD49CA189BDC398E60F123B42B051E31700,MD,1,No,,,,,1,Dry,,,No,,,,,,,2024,POINT (-76.932912337 38.985156779)
Prince George's,Property Damage Crashes,DS04210025,University of Maryland Police College Park,Front to Rear,Principal Arterial – Other,No,No,No,No,BALTIMORE AVE,1,UNITED STATE ROUTE,No,TRUE,Yes,4/12/2024,4/12/2024,9,UMCP,3,16,3,No,,Point,9:58,2024,Friday,12,Motor Vehicle In Transport,5,On Roadway,3,,,,,,9,Through Roadway,38.98518998,1,Daylight,4/12/2024,-76.93716023,N,5.81,F,N,No,,,8752FF8F0F635EA3FFA59E54475C39DED77A63C333A0C9719487E050AC3ED3F1,US,1,No,97,Not Applicable,,,1,Dry,,,Yes,N,3,Transition Area,3,Work on Shoulder or Median,No,2024,POINT (-76.937160228 38.985189981)
Prince George's,Property Damage Crashes,DS05020006,University of Maryland Police College Park,Single Vehicle,,No,No,No,No,,,,No,TRUE,No,2/13/2024,2/13/2024,13,UMCP,101,16,3,,,Point,13:15,2024,Tuesday,35,"Other Fixed Object (wall, building, tunnel, etc.)",4,"Off-Roadway, Location Unknown",,,,,,,,,38.98520621,1,Daylight,2/13/2024,-76.94266557,,,F,N,Yes,104,Service Road,,,1,No,,,,,,,,,No,,,,,,,2024,POINT (-76.94266557 38.985206213)
Prince George's,Property Damage Crashes,DA3965008L,Prince George's County Police,Single Vehicle,Local,No,No,No,No,BRYN MAWR RD,170,MUNICIPAL ROAD,Yes,TRUE,No,12/9/2024,12/9/2024,1,PGCOPD,101,16,3,No,,Point,1:44,2024,Monday,35,"Other Fixed Object (wall, building, tunnel, etc.)",4,"Off-Roadway, Location Unknown",7,,,,,,99,Unknown,38.98521964,5,Dark - Unknown Lighting,12/9/2024,-76.91245425,E,34.93,F,N,No,,,B8658E53146213D2C2257427D7645904AC90E271AF82AF03F5D255DE8ABBF1F2,MU,1,No,,,,,1,Dry,,,No,,,,,,,2024,POINT (-76.91245425 38.985219643)
Prince George's,Property Damage Crashes,DS0426001G,University of Maryland Police College Park,"Sideswipe, Same Direction",Major Collector,No,Yes,No,No,CAMPUS DR (WB/L),193,MARYLAND ROUTE,No,TRUE,Yes,2/29/2024,2/29/2024,15,UMCP,7,16,3,No,,Point,15:20,2024,Thursday,12,Motor Vehicle In Transport,5,On Roadway,5,,,,,,6,Non-Junction,38.98529743,1,Daylight,2/29/2024,-76.95386027,W,52.21,F,N,No,,,DD4E09F5AEAF7AE23DD57E45C0B5CCC8F8AEEAEB49FF47C7773F76EF78E7015B,MD,1,No,12,Motor Vehicle In Transport,5,On Roadway,1,Dry,,,Yes,N,2,Advance Warning Area,3,Work on Shoulder or Median,Yes,2024,POINT (-76.953860268 38.985297426)
Prince George's,Property Damage Crashes,DS0478000H,University of Maryland Police College Park,Single Vehicle,,No,No,No,No,,,,No,TRUE,No,4/15/2024,4/15/2024,3,UMCP,101,16,3,,,Point,3:34,2024,Monday,13,Other Non-Fixed Object,4,"Off-Roadway, Location Unknown",,,,,,,,,38.98545613,3,Dark - Lighted,4/15/2024,-76.9428787,,,F,N,Yes,104,Service Road,,,1,No,,,,,,,,,No,,,,,,,2024,POINT (-76.94287869599999 38.985456128)
Prince George's,Property Damage Crashes,DA43630009,Prince George's County Police,"Sideswipe, Same Direction",Local,No,No,No,No,EHRENSBERGER DR,65,STATE ROAD,No,TRUE,No,7/3/2024,7/3/2024,19,PGCOPD,7,16,3,No,2,Point,19:00,2024,Wednesday,12,Motor Vehicle In Transport,5,On Roadway,7,Perpendicular,,,CAMPUS DR (WB/L),3,5,Intersection or Related,38.98546358,1,Daylight,7/3/2024,-76.95482544,S,0,F,N,No,,,E2766BB5DAA9D8D531E8D9D7D1D1F2E3212581A0965BC36A395D2288C2BC6587,SR,1,No,12,Motor Vehicle In Transport,5,On Roadway,1,Dry,1,Signalized,No,,,,,,,2024,POINT (-76.954825437 38.985463582)
Prince George's,Property Damage Crashes,DS0243002H,University of Maryland Police College Park,Single Vehicle,,No,No,No,Yes,,2269,PRIVATE ROAD,No,TRUE,No,10/31/2024,10/31/2024,9,UMCP,101,16,3,No,2,Point,9:35,2024,Thursday,14,Other Non-Motorist,5,On Roadway,,Perpendicular,,,REGENTS DR,3,5,Intersection or Related,38.98555004,1,Daylight,10/31/2024,-76.94014969,N,0,F,N,No,,,7792096057E858EE6EEF354B9FF53DA8E0157CB50588764B37CE95B6CE1320DF,PV,1,No,,,,,1,Dry,2,Stop - All Way,No,,,,,,,2024,POINT (-76.940149686 38.985550038)
Prince George's,Property Damage Crashes,DA4268005Q,Prince George's County Police,Other,Principal Arterial – Other,No,No,No,No,BALTIMORE AVE (SB/L),1,UNITED STATE ROUTE,No,TRUE,No,6/5/2024,6/5/2024,17,PGCOPD,98,16,3,No,4,Point,17:18,2024,Wednesday,12,Motor Vehicle In Transport,5,On Roadway,3,Perpendicular,,,ROSSBOROUGH LA,3,5,Intersection or Related,38.98568144,1,Daylight,6/5/2024,-76.93708653,S,0,F,N,No,,,767EE75D98C9078DACDD99F0FF3892C25E736FB7B8238CEE27F76DBEB1A7BF33,US,1,No,,,,,9,Wet,2,Stop - All Way,No,,,,,,,2024,POINT (-76.937086534 38.985681439)
Prince George's,Property Damage Crashes,DS0499000C,University of Maryland Police College Park,Front to Rear,,No,No,No,No,,,,No,TRUE,No,10/20/2024,10/20/2024,4,UMCP,3,16,3,,,Point,4:25,2024,Sunday,12,Motor Vehicle In Transport,9,Roadside,,,,,,,,,38.98569182,3,Dark - Lighted,10/20/2024,-76.94459593,,,F,N,Yes,104,Service Road,,,1,No,15,Parked Vehicle,9,Roadside,,,,,No,,,,,,,2024,POINT (-76.944595928 38.985691824)
Prince George's,Property Damage Crashes,DS0415001T,University of Maryland Police College Park,Single Vehicle,,No,No,No,Yes,ALUMNI DR,321,LOCAL ROAD,No,TRUE,No,9/16/2024,9/16/2024,8,UMCP,101,16,3,No,,Point,8:30,2024,Monday,14,Other Non-Motorist,2,In Parking Lane Or Zone,,,,,,,6,Non-Junction,38.98586565,1,Daylight,9/16/2024,-76.9490233,S,29.11,F,N,No,,,353AB1B6A9B67024796216EEB525172A65ED6FA17F780C1AB17FF1A89CD448BF,LL,1,No,97,Not Applicable,,,1,Dry,,,No,,,,,,,2024,POINT (-76.949023295 38.985865651)
Prince George's,Property Damage Crashes,DS0483000X,University of Maryland Police College Park,"Sideswipe, Same Direction",,No,Yes,No,No,,,,No,TRUE,No,1/16/2024,1/16/2024,7,UMCP,7,16,3,,,Point,7:35,2024,Tuesday,15,Parked Vehicle,2,In Parking Lane Or Zone,,,,,,,,,38.98608302,1,Daylight,1/16/2024,-76.93812114,,,F,N,Yes,100,Parking Stall,,,1,No,97,Not Applicable,,,,,,,No,,,,,,,2024,POINT (-76.938121142 38.986083021)
Prince George's,Property Damage Crashes,DA42680050,Prince George's County Police,"Sideswipe, Same Direction",,No,No,No,No,,8,SPUR,No,TRUE,No,1/31/2024,1/31/2024,19,PGCOPD,7,16,3,Yes,,Point,19:45,2024,Wednesday,12,Motor Vehicle In Transport,5,On Roadway,,,,,,,4,Entrance/Exit Ramp or Related,38.98612419,3,Dark - Lighted,1/31/2024,-76.9556083,N,35.75,F,N,No,,,BB43DA7D030EEA61DDC121332846973AF81F1708ACC1EFA580F10B1CA57B0DFF,SP,1,No,,,,,1,Dry,,,No,,,,,,,2024,POINT (-76.955608297 38.986124193)
Prince George's,Injury Crashes,DS0503000G,University of Maryland Police College Park,Front to Rear,Principal Arterial – Other,No,No,No,No,BALTIMORE AVE,1,UNITED STATE ROUTE,No,TRUE,No,3/25/2024,3/25/2024,20,UMCP,3,16,2,No,,Point,20:06,2024,Monday,12,Motor Vehicle In Transport,5,On Roadway,3,,,,,,6,Non-Junction,38.98621382,3,Dark - Lighted,3/25/2024,-76.93663609,N,6.11,F,N,No,,,15CA37A48FBA77B2AF1CC2387E048EC7C4D2FB6AE06CDED498AD8CF9F293663A,US,1,No,12,Motor Vehicle In Transport,5,On Roadway,1,Dry,,,No,,,,,,,2024,POINT (-76.936636085 38.986213823)
Prince George's,Property Damage Crashes,DA4293002M,Prince George's County Police,"Sideswipe, Same Direction",Principal Arterial – Other,No,No,No,No,BALTIMORE AVE (SB/L),1,UNITED STATE ROUTE,No,TRUE,No,3/9/2024,3/9/2024,4,PGCOPD,7,16,3,No,,Point,4:00,2024,Saturday,12,Motor Vehicle In Transport,5,On Roadway,3,,,,,,6,Non-Junction,38.98633386,3,Dark - Lighted,3/9/2024,-76.93604946,W,178.98,F,N,No,,,8D448E1A2B80E22B2C3C262930CD4E86BEFD6DD19C2B5119C5701FB77F72C270,US,1,No,12,Motor Vehicle In Transport,5,On Roadway,1,Dry,,,No,,,,,,,2024,POINT (-76.936049462 38.986333861)
Prince George's,Property Damage Crashes,DS0503000B,University of Maryland Police College Park,Single Vehicle,,Yes,No,No,No,,8,SPUR,No,TRUE,No,2/12/2024,2/12/2024,6,UMCP,101,16,3,Yes,,Point,6:47,2024,Monday,36,"Other Post, Pole, Or Support",10,Separator/Traffic Island,,,,,,,4,Entrance/Exit Ramp or Related,38.9863387,100,Dawn,2/12/2024,-76.95567804,S,45.49,F,N,No,,,BB43DA7D030EEA61DDC121332846973AF81F1708ACC1EFA580F10B1CA57B0DFF,SP,1,No,41,Utility Pole/Light Support,10,Separator/Traffic Island,1,Dry,,,No,,,,,,,2024,POINT (-76.95567803500001 38.986338703)
Prince George's,Property Damage Crashes,DS0520000G,University of Maryland Police College Park,Angle,,No,No,No,No,,,,No,TRUE,No,7/24/2024,7/24/2024,12,UMCP,1,16,3,,,Point,12:37,2024,Wednesday,15,Parked Vehicle,4,"Off-Roadway, Location Unknown",,,,,,,,,38.98640546,1,Daylight,7/24/2024,-76.93892209,,,F,N,Yes,100,Parking Stall,,,1,No,,,,,,,,,No,,,,,,,2024,POINT (-76.938922092 38.986405464)
Prince George's,Property Damage Crashes,DA3641009J,Prince George's County Police,Front to Front,Principal Arterial – Other,No,No,No,No,UNIVERSITY BLVD,193,MARYLAND ROUTE,No,TRUE,Yes,12/26/2024,12/26/2024,0,PGCOPD,2,16,3,No,4,Point,0:18,2024,Thursday,12,Motor Vehicle In Transport,5,On Roadway,3,Angled/Skewed,,,ADELPHI RD,1,5,Intersection or Related,38.98643605,3,Dark - Lighted,12/26/2024,-76.95584399,S,0,F,N,No,,,3787E71234EF14CC4B20604DCDA7E73657B3FB998C8250878B242AE772FB567C,MD,1,No,,,,,1,Dry,1,Signalized,Yes,N,2,Advance Warning Area,5,Other Type of Work Zone,No,2024,POINT (-76.955843993 38.986436052)