Crash_County_Description,Crash_Severity_Description,Reportnumber,Agencyname,CollisionImpact_Description,FunctionalClass_Description,ImpairedCrash,Large_Vehicle_Involved,Motorcycle_Crash,Non-Motorist_Crash,RoadName,Route_Number,RouteType_Description,Unrestrained_Occupants,WithinDateRange,Work_Zone_Related,Crashdate,LOD_Crash_Date,Crashhour,AgencyCode,CollisionImpact,Crash_County,Crash_Severity,Crash_Within_Interchange,CrashInterchangeApproaches,CrashPoint,Crashtime,CrashYear,Dayofweek,FirstHarmEvent,FirstHarmEvent_Description,FirstHarmLocation,FirstHarmLocation_Description,FunctionalClass,Geometry_Description,GovPropertyDamage,GovPropertyDamage_Description,IntersectingRoadName,Intersection_Geometry,JunctionRelated,JunctionRelated_Description,Latitude,Light,Light_Description,LOD_Date_Level,Longitude,MilepointDirection,MilepointDistance,MilepointUnits,NonTrafficFatal,OffRoad,OffroadLocation,OffroadLocation_Description,RoadID,RouteType,SchoolBusRelated,SchoolBusRelated_Description,SecondHarmEvent,SecondHarmEvent_Description,SecondHarmLocation,SecondHarmLocation_Description,Surface,Surface_Description,TrafficControl,Trafficcontrol_Description,Work_Zone_Crash,WZLawEnforcementPresent,WZLocation,WZLocation_Description,WZType,WZType_Description,WZWorkersPresent,year,geometry
Prince George's,Property Damage Crashes,DS0504000H,University of Maryland Police College Park,Rear To Side,,No,No,No,No,,2269,PRIVATE ROAD,No,TRUE,No,4/28/2024,4/28/2024,17,UMCP,5,16,3,No,,Point,17:40,2024,Sunday,12,Motor Vehicle In Transport,2,In Parking Lane Or Zone,,,101,State,,,6,Non-Junction,38.98644028,1,Daylight,4/28/2024,-76.9388161,W,13.19,F,N,No,,,2C159D60C6C91AFB48AC767A329692855F37FA1CD157249837D5CD8DCC30C2E0,PV,1,No,15,Parked Vehicle,2,In Parking Lane Or Zone,1,Dry,,,No,,,,,,,2024,POINT (-76.93881610299999 38.986440275)
Prince George's,Property Damage Crashes,DS0502000D,University of Maryland Police College Park,Single Vehicle,,No,No,No,No,HOTEL DR,2231,LOCAL ROAD,No,TRUE,No,3/25/2024,3/25/2024,10,UMCP,101,16,3,No,,Point,10:04,2024,Monday,27,Curb,9,Roadside,,,101,State,,,6,Non-Junction,38.98644151,1,Daylight,3/25/2024,-76.93542495,S,24.15,F,N,No,,,CD08B27969DC7F642791C3A7E2D856145459969E086D74CA73E15B9CF0BB1EB3,LL,1,No,13,Other Non-Fixed Object,9,Roadside,1,Dry,,,No,,,,,,,2024,POINT (-76.935424946 38.986441507)
Prince George's,Property Damage Crashes,DS0502000C,University of Maryland Police College Park,Other,,No,No,No,No,,2269,PRIVATE ROAD,No,TRUE,No,3/7/2024,3/7/2024,13,UMCP,98,16,3,No,,Point,13:28,2024,Thursday,15,Parked Vehicle,2,In Parking Lane Or Zone,,,,,,,6,Non-Junction,38.98645704,1,Daylight,3/7/2024,-76.93909693,E,14.7,F,N,No,,,1A196C8FDBB6A3E8C2F740623262DB3447F1FD7A20BE6C1476B7E2F9CC2DADBC,PV,1,No,,,,,1,Dry,,,No,,,,,,,2024,POINT (-76.939096925 38.986457041)
Prince George's,Property Damage Crashes,DS0426001J,University of Maryland Police College Park,Rear To Rear,,No,No,No,No,,,,No,TRUE,No,8/20/2024,8/20/2024,13,UMCP,4,16,3,,,Point,13:39,2024,Tuesday,12,Motor Vehicle In Transport,2,In Parking Lane Or Zone,,,101,State,,,,,38.98650551,1,Daylight,8/20/2024,-76.95048443,,,F,N,Yes,101,Parking Aisle,,,1,No,15,Parked Vehicle,2,In Parking Lane Or Zone,,,,,No,,,,,,,2024,POINT (-76.95048443100001 38.986505507)
Prince George's,Property Damage Crashes,DS04830018,University of Maryland Police College Park,"Sideswipe, Opposite Direction",,No,No,No,No,,,,No,TRUE,No,9/26/2024,9/26/2024,11,UMCP,6,16,3,,,Point,11:33,2024,Thursday,15,Parked Vehicle,2,In Parking Lane Or Zone,,,,,,,,,38.98651611,1,Daylight,9/26/2024,-76.93902001,,,F,N,Yes,100,Parking Stall,,,1,No,12,Motor Vehicle In Transport,2,In Parking Lane Or Zone,,,,,No,,,,,,,2024,POINT (-76.939020011 38.98651611)
Prince George's,Property Damage Crashes,DA3126000S,Prince George's County Police,Front to Rear,Principal Arterial – Other,No,No,No,No,BALTIMORE AVE,1,UNITED STATE ROUTE,No,TRUE,No,3/15/2024,3/15/2024,22,PGCOPD,3,16,3,No,,Point,22:30,2024,Friday,12,Motor Vehicle In Transport,99,Unknown,3,,,,,,99,Unknown,38.9865476,3,Dark - Lighted,3/15/2024,-76.9356836,W,187.02,F,N,No,,,129DEC2DFFCCB4BD6D8879F6C7E04EE22890A5E354ABD44401C96F6B1DAFF624,US,1,No,,,,,9,Wet,,,No,,,,,,,2024,POINT (-76.9356836 38.9865476)
Prince George's,Property Damage Crashes,DA4331002G,Prince George's County Police,Single Vehicle,,No,No,No,No,,,,Yes,TRUE,No,5/6/2024,5/6/2024,7,PGCOPD,101,16,3,,,Point,7:34,2024,Monday,30,Fence,4,"Off-Roadway, Location Unknown",,,,,,,,,38.98655644,1,Daylight,5/6/2024,-76.92799423,,,F,N,Yes,102,Parking Lot Way,,,1,No,40,Tree (standing),4,"Off-Roadway, Location Unknown",,,,,No,,,,,,,2024,POINT (-76.92799422900001 38.986556435)
Prince George's,Property Damage Crashes,DA302000F4,Prince George's County Police,"Sideswipe, Same Direction",Principal Arterial – Other,No,No,No,No,UNIVERSITY BLVD,193,MARYLAND ROUTE,No,TRUE,No,10/23/2024,10/23/2024,17,PGCOPD,7,16,3,No,,Point,17:05,2024,Wednesday,12,Motor Vehicle In Transport,5,On Roadway,3,,,,,,6,Non-Junction,38.986596,1,Daylight,10/23/2024,-76.95562028,N,32.67,F,N,No,,,78D9B4AF88F95C95FEFC529736A2A4DE732CDFBB8DF9C5A1B4685DF4CB470F3E,MD,1,No,,,,,1,Dry,,,No,,,,,,,2024,POINT (-76.955620279 38.986595997)
Prince George's,Property Damage Crashes,DA3396001V,Prince George's County Police,"Sideswipe, Same Direction",Minor Arterial,No,No,No,No,ADELPHI RD (NB/L),232,COUNTY ROAD,No,TRUE,No,4/30/2024,4/30/2024,15,PGCOPD,7,16,3,Yes,5,Point,15:23,2024,Tuesday,12,Motor Vehicle In Transport,5,On Roadway,4,Angled/Skewed,,,UNIVERSITY BLVD (WB/L),1,5,Intersection or Related,38.98663485,1,Daylight,4/30/2024,-76.95587266,N,0,F,N,No,,,5AB53A40772891F95D0F76B4E447F86FD0EADDEC03B8C0926B8E9A804E98692B,CO,1,No,97,Not Applicable,,,1,Dry,1,Signalized,No,,,,,,,2024,POINT (-76.955872656 38.986634847)
Prince George's,Property Damage Crashes,DS0494000J,University of Maryland Police College Park,Rear To Rear,,No,No,No,No,,,,No,TRUE,No,5/12/2024,5/12/2024,16,UMCP,4,16,3,,,Point,16:55,2024,Sunday,15,Parked Vehicle,2,In Parking Lane Or Zone,,,,,,,,,38.98668902,1,Daylight,5/12/2024,-76.95453954,,,F,N,Yes,101,Parking Aisle,,,1,No,,,,,,,,,No,,,,,,,2024,POINT (-76.95453954200001 38.986689017)
Prince George's,Property Damage Crashes,DS0314000L,University of Maryland Police College Park,Angle,Principal Arterial – Other,No,No,No,No,UNIVERSITY BLVD (WB/L),193,MARYLAND ROUTE,No,TRUE,No,4/23/2024,4/23/2024,17,UMCP,1,16,3,No,4,Point,17:21,2024,Tuesday,12,Motor Vehicle In Transport,5,On Roadway,3,Perpendicular,,,ADELPHI RD (NB/L),3,5,Intersection or Related,38.9866922,1,Daylight,4/23/2024,-76.95593255,N,0,F,N,No,,,6C2FEB7BFF0298697E23A465E413A12119FB346EE31D8B9B60285D9B03245939,MD,1,No,,,,,1,Dry,1,Signalized,No,,,,,,,2024,POINT (-76.955932554 38.986692197)
Prince George's,Property Damage Crashes,DA43890024,Prince George's County Police,Front to Rear,Principal Arterial – Other,No,No,No,No,UNIVERSITY BLVD (WB/L),193,MARYLAND ROUTE,No,TRUE,No,12/12/2024,12/12/2024,19,PGCOPD,3,16,3,No,,Point,19:00,2024,Thursday,12,Motor Vehicle In Transport,5,On Roadway,3,,,,ADELPHI RD (NB/L),,9,Through Roadway,38.98671139,5,Dark - Unknown Lighting,12/12/2024,-76.95590763,N,9.49,F,N,No,,,6C2FEB7BFF0298697E23A465E413A12119FB346EE31D8B9B60285D9B03245939,MD,1,No,,,,,1,Dry,,,No,,,,,,,2024,POINT (-76.955907634 38.986711392)
Prince George's,Property Damage Crashes,DA4060005Z,Prince George's County Police,Single Vehicle,,No,No,No,Yes,HOTEL DR,2231,LOCAL ROAD,No,TRUE,No,7/2/2024,7/2/2024,12,PGCOPD,101,16,3,Yes,3,Point,12:29,2024,Tuesday,16,Pedalcycle,5,On Roadway,,Perpendicular,,,BALTIMORE AVE,3,5,Intersection or Related,38.98675807,1,Daylight,7/2/2024,-76.93625149,S,0,F,N,No,,,5D55986DBC08684C7AC85BCDE4029F5B89B87B91695394C2F54152818696D81D,LL,1,No,,,,,1,Dry,1,Signalized,No,,,,,,,2024,POINT (-76.936251485 38.986758069)
Prince George's,Property Damage Crashes,DS04670008,University of Maryland Police College Park,"Sideswipe, Same Direction",Principal Arterial – Other,No,No,No,No,BALTIMORE AVE,1,UNITED STATE ROUTE,No,TRUE,No,6/22/2024,6/22/2024,22,UMCP,7,16,3,No,3,Point,22:34,2024,Saturday,12,Motor Vehicle In Transport,5,On Roadway,3,Perpendicular,,,HOTEL DR,3,5,Intersection or Related,38.98681835,3,Dark - Lighted,6/22/2024,-76.93635703,S,0,F,N,No,,,6EAEB3A63FE715FF18209B4D3AADE0DAE224565AB60E1CE2D39B9E9C273382EB,US,1,No,,,,,1,Dry,1,Signalized,No,,,,,,,2024,POINT (-76.936357032 38.986818354)
Prince George's,Property Damage Crashes,DS0426001M,University of Maryland Police College Park,Single Vehicle,,No,No,No,No,,,,No,TRUE,No,11/13/2024,11/13/2024,8,UMCP,101,16,3,,,Point,8:26,2024,Wednesday,36,"Other Post, Pole, Or Support",2,In Parking Lane Or Zone,,,101,State,,,,,38.98706529,1,Daylight,11/13/2024,-76.94092102,,,F,N,Yes,102,Parking Lot Way,,,1,No,36,"Other Post, Pole, Or Support",2,In Parking Lane Or Zone,,,,,No,,,,,,,2024,POINT (-76.940921015 38.98706529)
Prince George's,Property Damage Crashes,DS04210027,University of Maryland Police College Park,Rear To Rear,,No,No,No,No,,,,No,TRUE,No,6/13/2024,6/13/2024,10,UMCP,4,16,3,,,Point,10:24,2024,Thursday,12,Motor Vehicle In Transport,2,In Parking Lane Or Zone,,,101,State,,,,,38.98709921,1,Daylight,6/13/2024,-76.94103669,,,F,N,Yes,102,Parking Lot Way,,,1,No,15,Parked Vehicle,99,Unknown,,,,,No,,,,,,,2024,POINT (-76.94103669 38.987099206)
Prince George's,Property Damage Crashes,DS0502000G,University of Maryland Police College Park,Other,,No,No,No,No,,,,No,TRUE,No,5/15/2024,5/15/2024,8,UMCP,98,16,3,,,Point,8:18,2024,Wednesday,12,Motor Vehicle In Transport,2,In Parking Lane Or Zone,,,,,,,,,38.98713945,1,Daylight,5/15/2024,-76.94408681,,,F,N,Yes,102,Parking Lot Way,,,1,No,,,,,,,,,No,,,,,,,2024,POINT (-76.94408681100001 38.987139447)
Prince George's,Injury Crashes,DS0502000P,University of Maryland Police College Park,Single Vehicle,Local,No,No,No,Yes,REGENTS DR (SB/L),162,STATE ROAD,No,TRUE,No,12/14/2024,12/14/2024,13,UMCP,101,16,2,No,,Point,13:19,2024,Saturday,14,Other Non-Motorist,5,On Roadway,7,,,,,,6,Non-Junction,38.98715647,1,Daylight,12/14/2024,-76.94019543,S,1.33,F,N,No,,,356761E155D3B497190055091CE20B0D6CC2E475E27B88713947BBD339DC8DF5,SR,1,No,,,,,1,Dry,,,No,,,,,,,2024,POINT (-76.940195432 38.987156471)
Prince George's,Injury Crashes,DS0494000L,University of Maryland Police College Park,Single Vehicle,,No,No,No,No,,366,SPUR,No,TRUE,Yes,11/17/2024,11/17/2024,23,UMCP,101,16,2,Yes,3,Point,23:45,2024,Sunday,36,"Other Post, Pole, Or Support",4,"Off-Roadway, Location Unknown",,Perpendicular,101,State,UNION DR,3,5,Intersection or Related,38.98718502,3,Dark - Lighted,11/17/2024,-76.94695651,E,0,F,N,No,,,695EFB2A2413F00FE92159783A19FC2FED37545D591AA570AAE5BBA1E998EEF0,SP,1,No,30,Fence,4,"Off-Roadway, Location Unknown",1,Dry,1,Signalized,Yes,N,4,Activity Area,5,Other Type of Work Zone,No,2024,POINT (-76.946956509 38.987185018)
Prince George's,Property Damage Crashes,DS0502000K,University of Maryland Police College Park,Single Vehicle,Major Collector,No,Yes,No,No,,69,STATE ROAD,No,TRUE,Yes,8/22/2024,8/22/2024,8,UMCP,101,16,3,No,,Point,8:10,2024,Thursday,13,Other Non-Fixed Object,5,On Roadway,5,,,,,,6,Non-Junction,38.98735217,1,Daylight,8/22/2024,-76.94570139,S,14.27,F,N,No,,,18FCC21723F9B7AC897A2B98BE965FBE63CE9307813BBC4A19276CFAA08173EA,SR,1,No,,,,,1,Dry,,,Yes,N,4,Activity Area,3,Work on Shoulder or Median,Yes,2024,POINT (-76.94570138500001 38.987352165)
Prince George's,Property Damage Crashes,DS05270001,University of Maryland Police College Park,"Sideswipe, Same Direction",Principal Arterial – Other,No,Yes,No,No,BALTIMORE AVE,1,UNITED STATE ROUTE,No,TRUE,No,9/4/2024,9/4/2024,17,UMCP,7,16,3,No,,Point,17:11,2024,Wednesday,12,Motor Vehicle In Transport,5,On Roadway,3,,101,State,,,6,Non-Junction,38.98748619,1,Daylight,9/4/2024,-76.93581588,S,9.09,F,N,No,,,2E703AAECE70D590ADE240E0F6C08486C32CF2BD2102F89600052BEE51E84565,US,1,No,,,,,1,Dry,,,No,,,,,,,2024,POINT (-76.935815881 38.987486188)
Prince George's,Property Damage Crashes,DS05260007,University of Maryland Police College Park,"Sideswipe, Same Direction",,No,Yes,No,No,,,,No,TRUE,No,9/19/2024,9/19/2024,17,UMCP,7,16,3,,,Point,17:30,2024,Thursday,12,Motor Vehicle In Transport,2,In Parking Lane Or Zone,,,,,,,,,38.98749638,1,Daylight,9/19/2024,-76.94963461,,,F,N,Yes,102,Parking Lot Way,,,1,No,,,,,,,,,No,,,,,,,2024,POINT (-76.949634613 38.987496381)
Prince George's,Injury Crashes,DS04620011,University of Maryland Police College Park,Single Vehicle,,No,Yes,No,Yes,,168,SPUR,No,TRUE,Yes,1/31/2024,1/31/2024,20,UMCP,101,16,2,No,3,Point,20:12,2024,Wednesday,14,Other Non-Motorist,5,On Roadway,,Angled/Skewed,,,REGENTS DR (SB/L),1,5,Intersection or Related,38.98758467,3,Dark - Lighted,1/31/2024,-76.94044198,W,0,F,N,No,,,2E36F56446CEC3116734560CF6D53D6FEB3F299B8D33D8F0A31881A3D3E663D0,SP,1,No,,,,,1,Dry,2,Stop - All Way,Yes,N,4,Activity Area,5,Other Type of Work Zone,No,2024,POINT (-76.94044198100001 38.987584665)
Prince George's,Injury Crashes,DS0489000N,University of Maryland Police College Park,Single Vehicle,Local,No,No,No,Yes,REGENTS DR (SB/L),162,STATE ROAD,No,TRUE,No,10/24/2024,10/24/2024,16,UMCP,101,16,2,No,4,Point,16:03,2024,Thursday,17,Pedestrian,5,On Roadway,7,Perpendicular,,,,3,5,Intersection or Related,38.98759321,1,Daylight,10/24/2024,-76.94040913,W,0,F,N,No,,,6427913F6E247C9B45766005DA0723D0797E8BD285B550A72A304B0411B4A9BF,SR,1,No,,,,,1,Dry,2,Stop - All Way,No,,,,,,,2024,POINT (-76.94040912600001 38.987593205)
Prince George's,Property Damage Crashes,DS0457000Z,University of Maryland Police College Park,Front to Rear,,No,No,No,No,,168,SPUR,Yes,TRUE,No,10/11/2024,10/11/2024,19,UMCP,3,16,3,Yes,4,Point,19:40,2024,Friday,12,Motor Vehicle In Transport,5,On Roadway,,Perpendicular,,,REGENTS DR (SB/L),3,5,Intersection or Related,38.98759746,3,Dark - Lighted,10/11/2024,-76.94034926,W,0,F,N,No,,,2E36F56446CEC3116734560CF6D53D6FEB3F299B8D33D8F0A31881A3D3E663D0,SP,1,No,,,,,1,Dry,1,Signalized,No,,,,,,,2024,POINT (-76.94034925699999 38.987597458)
Prince George's,Property Damage Crashes,DS04670007,University of Maryland Police College Park,Angle,,No,No,No,No,ALUMNI DR,321,LOCAL ROAD,No,TRUE,No,4/21/2024,4/21/2024,22,UMCP,1,16,3,No,,Point,22:10,2024,Sunday,15,Parked Vehicle,2,In Parking Lane Or Zone,,,,,,,6,Non-Junction,38.98789359,3,Dark - Lighted,4/21/2024,-76.94897309,S,29.91,F,N,No,,,1E87281EA3C0663C479A1026AC8B962CF3E967E3FFC8AD62C91DDB476D53EDB4,LL,1,No,27,Curb,10,Separator/Traffic Island,1,Dry,,,No,,,,,,,2024,POINT (-76.948973091 38.987893588)
Prince George's,Property Damage Crashes,DA4389000P,Prince George's County Police,Front to Rear,Principal Arterial – Other,No,No,No,No,UNIVERSITY BLVD (WB/L),193,MARYLAND ROUTE,No,TRUE,No,4/23/2024,4/23/2024,17,PGCOPD,3,16,3,No,,Point,17:30,2024,Tuesday,12,Motor Vehicle In Transport,5,On Roadway,3,,,,,,9,Through Roadway,38.98796025,1,Daylight,4/23/2024,-76.95497412,S,52.8,F,N,No,,,89549E8B237942AF357CD0EA144D572872A15D5FF1D1FE699259D6F90DBAE449,MD,1,No,,,,,1,Dry,,,No,,,,,,,2024,POINT (-76.954974116 38.987960247)
Prince George's,Property Damage Crashes,DS0294000C,University of Maryland Police College Park,"Sideswipe, Opposite Direction",Local,No,No,No,No,UNION LA,90,STATE ROAD,No,TRUE,No,4/27/2024,4/27/2024,10,UMCP,6,16,3,No,,Point,10:50,2024,Saturday,12,Motor Vehicle In Transport,5,On Roadway,7,,,,,,6,Non-Junction,38.9880594,1,Daylight,4/27/2024,-76.94539983,N,39.64,F,N,No,,,08DB275D9E06FE44A8A3FB5B6E21D356E110EE32214850FD10D14C51F24BB0CA,SR,1,No,97,Not Applicable,,,1,Dry,,,No,,,,,,,2024,POINT (-76.945399826 38.988059401)
Prince George's,Property Damage Crashes,DA42730046,Prince George's County Police,"Sideswipe, Same Direction",Minor Arterial,No,No,No,No,CAMPUS DR,431,MARYLAND ROUTE,No,TRUE,No,5/9/2024,5/9/2024,18,PGCOPD,7,16,3,No,,Point,18:12,2024,Thursday,12,Motor Vehicle In Transport,5,On Roadway,4,,,,,,6,Non-Junction,38.98809142,1,Daylight,5/9/2024,-76.93446003,N,50.76,F,N,No,,,C8F656F0984F7B7FBD597A3FB903595E66EACC3A553E25CB94572CAA783D1A03,MD,1,No,12,Motor Vehicle In Transport,5,On Roadway,1,Dry,,,No,,,,,,,2024,POINT (-76.934460031 38.988091422)
Prince George's,Property Damage Crashes,DA4050005D,Prince George's County Police,Front to Rear,Principal Arterial – Other,No,No,No,No,BALTIMORE AVE,1,UNITED STATE ROUTE,No,TRUE,No,1/27/2024,1/27/2024,13,PGCOPD,3,16,3,No,,Point,13:57,2024,Saturday,12,Motor Vehicle In Transport,5,On Roadway,3,,,,,,9,Through Roadway,38.98833606,1,Daylight,1/27/2024,-76.93520212,N,21.93,F,N,No,,,94102A2BB8C7090F911AF5EA828926A2AE39B539573B26C31D831EC83192281D,US,1,No,,,,,1,Dry,,,No,,,,,,,2024,POINT (-76.93520212 38.988336064)
Prince George's,Property Damage Crashes,DS05200003,University of Maryland Police College Park,Angle,,No,No,No,No,,,,No,TRUE,No,1/18/2024,1/18/2024,10,UMCP,1,16,3,,,Point,10:14,2024,Thursday,12,Motor Vehicle In Transport,2,In Parking Lane Or Zone,,,,,,,,,38.98835706,1,Daylight,1/18/2024,-76.94590248,,,F,N,Yes,102,Parking Lot Way,,,1,No,,,,,,,,,No,,,,,,,2024,POINT (-76.945902475 38.988357061)
Prince George's,Property Damage Crashes,DS0520000C,University of Maryland Police College Park,"Sideswipe, Opposite Direction",,No,No,No,No,,,,No,TRUE,No,7/10/2024,7/10/2024,14,UMCP,6,16,3,,,Point,14:12,2024,Wednesday,12,Motor Vehicle In Transport,2,In Parking Lane Or Zone,,,,,,,,,38.98846998,1,Daylight,7/10/2024,-76.94037787,,,F,N,Yes,100,Parking Stall,,,1,No,,,,,,,,,No,,,,,,,2024,POINT (-76.940377873 38.988469975)
Prince George's,Property Damage Crashes,DS0243002G,University of Maryland Police College Park,Other,,No,No,No,No,,,,No,TRUE,No,6/9/2024,6/9/2024,12,UMCP,98,16,3,,,Point,12:30,2024,Sunday,15,Parked Vehicle,99,Unknown,,,101,State,,,,,38.98848202,1,Daylight,6/9/2024,-76.94588399,,,F,N,Yes,102,Parking Lot Way,,,1,No,,,,,,,,,No,,,,,,,2024,POINT (-76.94588398499999 38.988482015)
Prince George's,Injury Crashes,DA39650080,Prince George's County Police,Front to Rear,Minor Arterial,Yes,No,Yes,No,CAMPUS DR,431,MARYLAND ROUTE,No,TRUE,No,2/6/2024,2/6/2024,18,PGCOPD,3,16,2,Yes,4,Point,18:01,2024,Tuesday,12,Motor Vehicle In Transport,5,On Roadway,4,Perpendicular,,,BALTIMORE AVE,3,5,Intersection or Related,38.98849266,3,Dark - Lighted,2/6/2024,-76.93514265,E,0,F,N,No,,,03C50D88987A8F6FCD0E0AE5A7E0607EA90E0A1037B2EA00A119DB5A460F8972,MD,1,No,2,Fell Jumped from Motor Vehicle,5,On Roadway,1,Dry,2,Stop - All Way,No,,,,,,,2024,POINT (-76.935142653 38.988492657)
Prince George's,Property Damage Crashes,DS0504000D,University of Maryland Police College Park,"Sideswipe, Same Direction",Minor Arterial,No,No,No,No,CAMPUS DR (NB/L),431,MARYLAND ROUTE,No,TRUE,No,1/24/2024,1/24/2024,17,UMCP,7,16,3,Yes,5,Point,17:58,2024,Wednesday,12,Motor Vehicle In Transport,5,On Roadway,4,Perpendicular,101,State,BALTIMORE AVE,3,5,Intersection or Related,38.98859507,4,Dark - Not Lighted,1/24/2024,-76.93499256,N,0,F,N,No,,,8D4B85F80A248D7A99F3343C64663EF549880EEFA219FAFC252DC0C614A9B23F,MD,1,No,,,,,1,Dry,1,Signalized,No,,,,,,,2024,POINT (-76.934992558 38.988595072)
Prince George's,Property Damage Crashes,DA4268005T,Prince George's County Police,"Sideswipe, Same Direction",Principal Arterial – Other,No,Yes,No,No,BALTIMORE AVE (SB/L),1,UNITED STATE ROUTE,No,TRUE,No,7/26/2024,7/26/2024,17,PGCOPD,7,16,3,Yes,,Point,17:18,2024,Friday,12,Motor Vehicle In Transport,5,On Roadway,3,,,,,,9,Through Roadway,38.98864022,1,Daylight,7/26/2024,-76.93512358,S,47.43,F,N,No,,,8EA875C9F9DF1D1CD1A46835EC7790E31A5AF0DAC32D5330437867ED1EFD5A59,US,1,No,12,Motor Vehicle In Transport,5,On Roadway,1,Dry,,,No,,,,,,,2024,POINT (-76.935123581 38.988640224)
Prince George's,Property Damage Crashes,DS0454000H,University of Maryland Police College Park,"Sideswipe, Same Direction",Principal Arterial – Other,No,No,No,No,BALTIMORE AVE (SB/L),1,UNITED STATE ROUTE,No,TRUE,No,11/25/2024,11/25/2024,6,UMCP,7,16,3,No,,Point,6:11,2024,Monday,12,Motor Vehicle In Transport,5,On Roadway,3,,,,CAMPUS DR (WB/L),,6,Non-Junction,38.98865313,1,Daylight,11/25/2024,-76.93519137,N,16.31,F,N,No,,,B033844A14536C120C422191B3D90A930C97C6DB16BCCE04857B688C58295616,US,1,No,,,,,1,Dry,,,No,,,,,,,2024,POINT (-76.93519136899999 38.988653134)
Prince George's,Property Damage Crashes,DS05160002,University of Maryland Police College Park,"Sideswipe, Same Direction",Minor Arterial,No,No,No,No,CAMPUS DR (NB/L),431,MARYLAND ROUTE,No,TRUE,No,1/2/2024,1/2/2024,17,UMCP,7,16,3,No,2,Point,17:45,2024,Tuesday,12,Motor Vehicle In Transport,5,On Roadway,4,Perpendicular,,,BALTIMORE AVE,3,5,Intersection or Related,38.9886997,98,Other,1/2/2024,-76.93498886,S,0,F,N,No,,,8D4B85F80A248D7A99F3343C64663EF549880EEFA219FAFC252DC0C614A9B23F,MD,1,No,12,Motor Vehicle In Transport,5,On Roadway,1,Dry,5,No Controls,No,,,,,,,2024,POINT (-76.93498886099999 38.988699695)
Prince George's,Property Damage Crashes,DS0264000C,University of Maryland Police College Park,Single Vehicle,Local,No,No,No,No,FIELD HOUSE DR,168,STATE ROAD,No,TRUE,No,11/5/2024,11/5/2024,12,UMCP,101,16,3,No,,Point,12:15,2024,Tuesday,36,"Other Post, Pole, Or Support",2,In Parking Lane Or Zone,7,,,,,,6,Non-Junction,38.9887549,1,Daylight,11/5/2024,-76.94582485,N,40.82,F,N,No,,,79EBADB00D6AA3ECF6CAF81C664F0F8B0179FEDAE37E5F074A5574FA64742712,SR,1,No,,,,,1,Dry,,,No,,,,,,,2024,POINT (-76.945824851 38.988754898)
Prince George's,Property Damage Crashes,DS05240007,University of Maryland Police College Park,Single Vehicle,,No,No,No,No,,,,No,TRUE,No,10/23/2024,10/23/2024,19,UMCP,101,16,3,,,Point,19:00,2024,Wednesday,36,"Other Post, Pole, Or Support",2,In Parking Lane Or Zone,,,101,State,,,,,38.98878384,98,Other,10/23/2024,-76.9459687,,,F,N,Yes,101,Parking Aisle,,,1,No,,,,,,,,,No,,,,,,,2024,POINT (-76.94596869900001 38.988783837)
Prince George's,Property Damage Crashes,DS04670004,University of Maryland Police College Park,Single Vehicle,,No,No,No,No,,,,No,TRUE,No,3/12/2024,3/12/2024,15,UMCP,101,16,3,,,Point,15:30,2024,Tuesday,36,"Other Post, Pole, Or Support",2,In Parking Lane Or Zone,,,,,,,,,38.98879581,1,Daylight,3/12/2024,-76.9459943,,,F,N,Yes,100,Parking Stall,,,1,No,,,,,,,,,No,,,,,,,2024,POINT (-76.94599429599999 38.988795808)
Prince George's,Property Damage Crashes,DS04580010,University of Maryland Police College Park,"Sideswipe, Opposite Direction",,No,No,No,No,,,,No,TRUE,No,6/11/2024,6/11/2024,11,UMCP,6,16,3,,,Point,11:07,2024,Tuesday,12,Motor Vehicle In Transport,2,In Parking Lane Or Zone,,,,,,,,,38.9889238,1,Daylight,6/11/2024,-76.94921563,,,F,N,Yes,101,Parking Aisle,,,1,No,,,,,,,,,No,,,,,,,2024,POINT (-76.949215628 38.9889238)
Prince George's,Property Damage Crashes,DS0516000C,University of Maryland Police College Park,"Sideswipe, Opposite Direction",Local,No,Yes,No,No,REGENTS DR,162,STATE ROAD,No,TRUE,No,11/19/2024,11/19/2024,18,UMCP,6,16,3,No,,Point,18:10,2024,Tuesday,12,Motor Vehicle In Transport,5,On Roadway,7,,,,FIELD HOUSE DR,,99,Unknown,38.98894305,3,Dark - Lighted,11/19/2024,-76.94068111,N,43.24,F,N,No,,,236BD55CE0AA376BDE5208A49D6F952689CE5FBBC5B7CF20A3C2C7FC81906249,SR,1,No,,,,,1,Dry,,,No,,,,,,,2024,POINT (-76.940681105 38.988943047)