Crash_County_Description,Crash_Severity_Description,Reportnumber,Agencyname,CollisionImpact_Description,FunctionalClass_Description,ImpairedCrash,Large_Vehicle_Involved,Motorcycle_Crash,Non-Motorist_Crash,RoadName,Route_Number,RouteType_Description,Unrestrained_Occupants,WithinDateRange,Work_Zone_Related,Crashdate,LOD_Crash_Date,Crashhour,AgencyCode,CollisionImpact,Crash_County,Crash_Severity,Crash_Within_Interchange,CrashInterchangeApproaches,CrashPoint,Crashtime,CrashYear,Dayofweek,FirstHarmEvent,FirstHarmEvent_Description,FirstHarmLocation,FirstHarmLocation_Description,FunctionalClass,Geometry_Description,GovPropertyDamage,GovPropertyDamage_Description,IntersectingRoadName,Intersection_Geometry,JunctionRelated,JunctionRelated_Description,Latitude,Light,Light_Description,LOD_Date_Level,Longitude,MilepointDirection,MilepointDistance,MilepointUnits,NonTrafficFatal,OffRoad,OffroadLocation,OffroadLocation_Description,RoadID,RouteType,SchoolBusRelated,SchoolBusRelated_Description,SecondHarmEvent,SecondHarmEvent_Description,SecondHarmLocation,SecondHarmLocation_Description,Surface,Surface_Description,TrafficControl,Trafficcontrol_Description,Work_Zone_Crash,WZLawEnforcementPresent,WZLocation,WZLocation_Description,WZType,WZType_Description,WZWorkersPresent,year,geometry
Prince George's,Property Damage Crashes,DS05160004,University of Maryland Police College Park,Single Vehicle,Local,No,No,No,No,FIELD HOUSE DR,168,STATE ROAD,No,TRUE,No,3/9/2024,3/9/2024,13,UMCP,101,16,3,No,,Point,13:20,2024,Saturday,38,Traffic Sign Support,3,Median,7,,101,State,REGENTS DR,,9,Through Roadway,38.98894339,1,Daylight,3/9/2024,-76.94062915,N,43.97,F,N,No,,,FB8304CB9E238C233CDA7968C5EA4969C82D72BB4A69A160D63534BBD222A0A2,SR,1,No,,,,,9,Wet,,,No,,,,,,,2024,POINT (-76.94062915400001 38.988943385)
Prince George's,Property Damage Crashes,DS05240005,University of Maryland Police College Park,Unknown,Local,No,Yes,No,No,REGENTS DR,162,STATE ROAD,No,TRUE,No,8/18/2024,8/18/2024,16,UMCP,99,16,3,Yes,2,Point,16:40,2024,Sunday,38,Traffic Sign Support,3,Median,7,Perpendicular,101,State,FIELD HOUSE DR,3,5,Intersection or Related,38.98901739,1,Daylight,8/18/2024,-76.94056456,W,0,F,N,No,,,236BD55CE0AA376BDE5208A49D6F952689CE5FBBC5B7CF20A3C2C7FC81906249,SR,1,No,,,,,1,Dry,3,Stop - Partial,No,,,,,,,2024,POINT (-76.940564557 38.989017387)
Prince George's,Property Damage Crashes,DS05260001,University of Maryland Police College Park,"Sideswipe, Same Direction",Local,No,No,Yes,No,REGENTS DR,162,STATE ROAD,No,TRUE,No,8/27/2024,8/27/2024,19,UMCP,7,16,3,Yes,3,Point,19:10,2024,Tuesday,12,Motor Vehicle In Transport,5,On Roadway,7,Perpendicular,,,FIELD HOUSE DR,3,5,Intersection or Related,38.98903154,1,Daylight,8/27/2024,-76.94067214,N,0,F,N,No,,,236BD55CE0AA376BDE5208A49D6F952689CE5FBBC5B7CF20A3C2C7FC81906249,SR,1,No,97,Not Applicable,,,1,Dry,2,Stop - All Way,No,,,,,,,2024,POINT (-76.940672142 38.989031542)
Prince George's,Property Damage Crashes,DS05240009,University of Maryland Police College Park,Angle,Local,No,Yes,No,No,FIELD HOUSE DR,168,STATE ROAD,No,TRUE,No,11/20/2024,11/20/2024,8,UMCP,1,16,3,No,2,Point,8:23,2024,Wednesday,12,Motor Vehicle In Transport,5,On Roadway,7,Perpendicular,,,REGENTS DR,3,5,Intersection or Related,38.98903624,1,Daylight,11/20/2024,-76.94063663,N,0,F,N,No,,,FB8304CB9E238C233CDA7968C5EA4969C82D72BB4A69A160D63534BBD222A0A2,SR,1,No,,,,,1,Dry,2,Stop - All Way,No,,,,,,,2024,POINT (-76.94063663 38.989036241)
Prince George's,Injury Crashes,DS0454000D,University of Maryland Police College Park,Single Vehicle,Local,No,No,No,Yes,REGENTS DR,162,STATE ROAD,No,TRUE,No,6/24/2024,6/24/2024,10,UMCP,101,16,2,No,3,Point,10:57,2024,Monday,17,Pedestrian,5,On Roadway,7,Perpendicular,,,FIELD HOUSE DR,3,5,Intersection or Related,38.98905854,1,Daylight,6/24/2024,-76.94065233,W,0,F,N,No,,,236BD55CE0AA376BDE5208A49D6F952689CE5FBBC5B7CF20A3C2C7FC81906249,SR,1,No,97,Not Applicable,,,1,Dry,2,Stop - All Way,No,,,,,,,2024,POINT (-76.940652327 38.989058535)
Prince George's,Property Damage Crashes,DS05260003,University of Maryland Police College Park,Single Vehicle,,No,Yes,No,No,PRESIDENTIAL DR,1976,PRIVATE ROAD,No,TRUE,No,9/18/2024,9/18/2024,16,UMCP,101,16,3,No,,Point,16:59,2024,Wednesday,35,"Other Fixed Object (wall, building, tunnel, etc.)",5,On Roadway,,,101,State,,,3,Driveway Access or Related,38.98907532,1,Daylight,9/18/2024,-76.94964523,W,16.7,F,N,No,,,B277456409425388FCAB88CD5E0D5E03311270F63DBD129C14B682EB6A2BE5EF,PV,1,No,,,,,1,Dry,,,No,,,,,,,2024,POINT (-76.94964522799999 38.989075322)
Prince George's,Property Damage Crashes,DA3447003N,Prince George's County Police,Angle,Principal Arterial – Other,No,No,No,No,BALTIMORE AVE,1,UNITED STATE ROUTE,No,TRUE,No,4/22/2024,4/22/2024,13,PGCOPD,1,16,3,No,,Point,13:55,2024,Monday,12,Motor Vehicle In Transport,5,On Roadway,3,,,,,,6,Non-Junction,38.98919975,1,Daylight,4/22/2024,-76.9346289,N,23.54,F,N,No,,,1BBBCE3825247D7E5C14C97E57162E779EA7C76DA038283D7298A522F091B722,US,1,No,,,,,1,Dry,,,No,,,,,,,2024,POINT (-76.934628901 38.989199754)
Prince George's,Property Damage Crashes,DS0489000M,University of Maryland Police College Park,Rear To Side,,No,No,No,No,,,,No,TRUE,No,4/9/2024,4/9/2024,20,UMCP,5,16,3,,,Point,20:27,2024,Tuesday,12,Motor Vehicle In Transport,2,In Parking Lane Or Zone,,,,,,,,,38.98930419,3,Dark - Lighted,4/9/2024,-76.94143025,,,F,N,Yes,102,Parking Lot Way,,,1,No,97,Not Applicable,,,,,,,No,,,,,,,2024,POINT (-76.941430246 38.989304193)
Prince George's,Property Damage Crashes,DA418100F8,Prince George's County Police,Other,Local,No,No,No,No,RHODE ISLAND AVE #6,1076,MUNICIPAL ROAD,No,TRUE,No,11/26/2024,11/26/2024,18,PGCOPD,98,16,3,No,3,Point,18:35,2024,Tuesday,12,Motor Vehicle In Transport,5,On Roadway,7,Perpendicular,,,NAVAHOE ST #2,3,5,Intersection or Related,38.98931551,3,Dark - Lighted,11/26/2024,-76.92860493,N,0,F,N,No,,,D17C35B093306A8098A900D5B340F8F601A0652685603795C8814B14DB8F03AC,MU,1,No,,,,,1,Dry,3,Stop - Partial,No,,,,,,,2024,POINT (-76.92860492600001 38.989315508)
Prince George's,Injury Crashes,DA418100D5,Prince George's County Police,"Sideswipe, Same Direction",Principal Arterial – Other,No,No,No,No,UNIVERSITY BLVD,193,MARYLAND ROUTE,No,TRUE,No,6/6/2024,6/6/2024,23,PGCOPD,7,16,2,No,,Point,23:20,2024,Thursday,12,Motor Vehicle In Transport,5,On Roadway,3,,,,,,9,Through Roadway,38.98931592,3,Dark - Lighted,6/6/2024,-76.95157871,W,552.57,F,N,No,,,79DC4C31DB11E46B5CE3C267FBD73719056C9E61291030ACFF2C2D3577525E5A,MD,1,No,12,Motor Vehicle In Transport,5,On Roadway,9,Wet,,,No,,,,,,,2024,POINT (-76.951578709 38.989315916)
Prince George's,Property Damage Crashes,DA43320025,Prince George's County Police,Front to Rear,Principal Arterial – Other,No,No,No,No,BALTIMORE AVE,1,UNITED STATE ROUTE,No,TRUE,Yes,6/12/2024,6/12/2024,14,PGCOPD,3,16,3,No,,Point,14:20,2024,Wednesday,12,Motor Vehicle In Transport,5,On Roadway,3,,101,State,,,6,Non-Junction,38.98935716,1,Daylight,6/12/2024,-76.93455905,S,38.1,F,N,No,,,1BBBCE3825247D7E5C14C97E57162E779EA7C76DA038283D7298A522F091B722,US,1,No,,,,,1,Dry,,,Yes,N,1,Before the First Work Zone Warning Sign,2,Lane Shift/Crossover,Yes,2024,POINT (-76.934559045 38.989357158)
Prince George's,Property Damage Crashes,DS04870008,University of Maryland Police College Park,Single Vehicle,Local,No,No,No,No,FIELD HOUSE DR,168,STATE ROAD,No,TRUE,No,1/24/2024,1/24/2024,16,UMCP,101,16,3,Yes,,Point,16:37,2024,Wednesday,13,Other Non-Fixed Object,5,On Roadway,7,,101,State,,,1,Acceleration/Deceleration Lane,38.98938937,101,Dusk,1/24/2024,-76.9427514,E,15.41,F,N,No,,,D3A774F14FEDA33438BC3B97EF0D8E5BCCC84D3C057C1EF8994E642630E5CA75,SR,1,No,,,,,1,Dry,,,No,,,,,,,2024,POINT (-76.942751395 38.989389372)
Prince George's,Property Damage Crashes,DS0506000L,University of Maryland Police College Park,Unknown,,No,No,No,No,,,,Yes,TRUE,No,10/11/2024,10/11/2024,11,UMCP,99,16,3,,,Point,11:47,2024,Friday,40,Tree (standing),4,"Off-Roadway, Location Unknown",,,,,,,,,38.98961615,1,Daylight,10/11/2024,-76.94046679,,,F,N,Yes,103,Private Road,,,1,No,40,Tree (standing),99,Unknown,,,,,No,,,,,,,2024,POINT (-76.940466785 38.989616145)
Prince George's,Property Damage Crashes,DS05200008,University of Maryland Police College Park,Angle,,No,No,No,No,,,,No,TRUE,No,3/11/2024,3/11/2024,17,UMCP,1,16,3,,,Point,17:13,2024,Monday,15,Parked Vehicle,2,In Parking Lane Or Zone,,,,,,,,,38.98964821,1,Daylight,3/11/2024,-76.9412853,,,F,N,Yes,102,Parking Lot Way,,,1,No,,,,,,,,,No,,,,,,,2024,POINT (-76.941285295 38.989648206)
Prince George's,Property Damage Crashes,DS05110002,University of Maryland Police College Park,Front to Front,,No,No,No,No,,,,Yes,TRUE,No,5/5/2024,5/5/2024,0,UMCP,2,16,3,,,Point,0:04,2024,Sunday,15,Parked Vehicle,99,Unknown,,,101,State,,,,,38.98981817,3,Dark - Lighted,5/5/2024,-76.94125684,,,F,N,Yes,102,Parking Lot Way,,,1,No,19,Strikes Object at Rest from Motor Vehicle In Transport,99,Unknown,,,,,No,,,,,,,2024,POINT (-76.941256838 38.989818167)
Prince George's,Property Damage Crashes,DS0520000J,University of Maryland Police College Park,Single Vehicle,Local,No,Yes,No,No,VALLEY DR,176,STATE ROAD,No,TRUE,No,9/20/2024,9/20/2024,22,UMCP,101,16,3,No,,Point,22:10,2024,Friday,41,Utility Pole/Light Support,9,Roadside,7,,,,,,6,Non-Junction,38.99025957,3,Dark - Lighted,9/20/2024,-76.94941661,N,26.95,F,N,No,,,8BF5DE3B13B3BF3CA25FD0160797EB72ABABBB179BFFC51F2B5B36AF0153B296,SR,1,No,,,,,1,Dry,,,No,,,,,,,2024,POINT (-76.94941661199999 38.990259573)
Prince George's,Property Damage Crashes,DA40600060,Prince George's County Police,Single Vehicle,,No,Yes,No,No,,,,No,TRUE,No,9/5/2024,9/5/2024,11,PGCOPD,101,16,3,,,Point,11:58,2024,Thursday,36,"Other Post, Pole, Or Support",2,In Parking Lane Or Zone,,,100,Local,,,,,38.99028762,1,Daylight,9/5/2024,-76.93373918,,,F,N,Yes,100,Parking Stall,,,1,No,,,,,,,,,No,,,,,,,2024,POINT (-76.933739176 38.990287624)
Prince George's,Property Damage Crashes,DA4293002K,Prince George's County Police,Single Vehicle,,No,Yes,No,No,,,,No,TRUE,No,1/21/2024,1/21/2024,13,PGCOPD,101,16,3,,,Point,13:45,2024,Sunday,13,Other Non-Fixed Object,4,"Off-Roadway, Location Unknown",,,100,Local,,,,,38.99036013,1,Daylight,1/21/2024,-76.93376489,,,F,N,Yes,102,Parking Lot Way,,,1,No,,,,,,,,,No,,,,,,,2024,POINT (-76.933764885 38.990360129)
Prince George's,Property Damage Crashes,DS05240003,University of Maryland Police College Park,Unknown,,No,No,No,No,,,,No,TRUE,No,7/19/2024,7/19/2024,9,UMCP,99,16,3,,,Point,9:14,2024,Friday,12,Motor Vehicle In Transport,2,In Parking Lane Or Zone,,,,,,,,,38.99038559,99,Unknown,7/19/2024,-76.93861944,,,F,N,Yes,100,Parking Stall,,,1,No,15,Parked Vehicle,2,In Parking Lane Or Zone,,,,,No,,,,,,,2024,POINT (-76.93861943900001 38.990385594)
Prince George's,Property Damage Crashes,DS0505000D,University of Maryland Police College Park,Single Vehicle,Local,No,Yes,No,No,STADIUM DR,165,STATE ROAD,No,TRUE,No,2/7/2024,2/7/2024,23,UMCP,101,16,3,No,,Point,23:00,2024,Wednesday,38,Traffic Sign Support,9,Roadside,7,,101,State,,,6,Non-Junction,38.99045264,3,Dark - Lighted,2/7/2024,-76.9419824,N,53.35,F,N,No,,,C37B1F3A43E228EFCF41FB65F3C10983011F6980F301937AB6A86EB01231712E,SR,1,No,97,Not Applicable,,,1,Dry,,,No,,,,,,,2024,POINT (-76.941982397 38.990452636)
Prince George's,Property Damage Crashes,DS05290006,University of Maryland Police College Park,"Sideswipe, Same Direction",Principal Arterial – Other,No,Yes,No,No,BALTIMORE AVE,1,UNITED STATE ROUTE,No,TRUE,No,11/26/2024,11/26/2024,11,UMCP,7,16,3,No,,Point,11:36,2024,Tuesday,12,Motor Vehicle In Transport,5,On Roadway,3,,,,,,6,Non-Junction,38.990459,1,Daylight,11/26/2024,-76.93419847,E,40.1,F,N,No,,,3F9E269075EC97C71C06A647C7493C8A4A2CF33DD67FF62F6A43D9FE05D9F8B5,US,1,No,12,Motor Vehicle In Transport,5,On Roadway,1,Dry,,,No,,,,,,,2024,POINT (-76.934198471 38.990458998)
Prince George's,Injury Crashes,DS0483001C,University of Maryland Police College Park,Single Vehicle,Local,No,No,No,Yes,STADIUM DR,165,STATE ROAD,No,TRUE,No,10/10/2024,10/10/2024,8,UMCP,101,16,2,No,,Point,8:59,2024,Thursday,16,Pedalcycle,5,On Roadway,7,,,,,,6,Non-Junction,38.99046057,1,Daylight,10/10/2024,-76.94158689,E,22.1,F,N,No,,,D4E1237D6D799D76D6DCEA214C4ABD3FB53C89FB945104FBB40F3D15B07B3F52,SR,1,No,12,Motor Vehicle In Transport,5,On Roadway,1,Dry,,,No,,,,,,,2024,POINT (-76.94158688500001 38.990460565)
Prince George's,Property Damage Crashes,DA4193007J,Prince George's County Police,Front to Rear,Principal Arterial – Other,No,No,No,No,UNIVERSITY BLVD (WB/L),193,MARYLAND ROUTE,No,TRUE,No,10/23/2024,10/23/2024,8,PGCOPD,3,16,3,No,,Point,8:20,2024,Wednesday,12,Motor Vehicle In Transport,5,On Roadway,3,,,,,,6,Non-Junction,38.99051028,1,Daylight,10/23/2024,-76.95313093,W,27.16,F,N,No,,,EFFA43E2F5EA5F0EF3F4235C57D123104EBF1B93F740E4F74D07E1581F351816,MD,1,No,12,Motor Vehicle In Transport,5,On Roadway,1,Dry,,,No,,,,,,,2024,POINT (-76.953130926 38.990510278)
Prince George's,Injury Crashes,DS0503000J,University of Maryland Police College Park,Single Vehicle,Local,No,No,No,Yes,ENGINEERING DR,77,STATE ROAD,No,TRUE,No,4/25/2024,4/25/2024,9,UMCP,101,16,2,No,,Point,9:11,2024,Thursday,14,Other Non-Motorist,5,On Roadway,7,,101,State,,,6,Non-Junction,38.99051184,1,Daylight,4/25/2024,-76.93866692,N,27.81,F,N,No,,,C00F95C85C9AA0FF27F7E484CE1F67F8DC7B56ABFB4F12745E39E5AE708DBF97,SR,1,No,12,Motor Vehicle In Transport,5,On Roadway,1,Dry,,,No,,,,,,,2024,POINT (-76.938666922 38.990511839)
Prince George's,Injury Crashes,DS0499000B,University of Maryland Police College Park,Single Vehicle,Local,No,No,No,Yes,STADIUM DR,165,STATE ROAD,No,TRUE,No,3/26/2024,3/26/2024,19,UMCP,101,16,2,No,,Point,19:49,2024,Tuesday,14,Other Non-Motorist,5,On Roadway,7,,,,,,3,Driveway Access or Related,38.99059413,3,Dark - Lighted,3/26/2024,-76.94408737,S,12.26,F,N,No,,,9A9E01217ECD5EB92954335A3C6A4621528F2C8ACCB91C1597E33D9172662186,SR,1,No,,,,,1,Dry,,,No,,,,,,,2024,POINT (-76.94408736699999 38.990594133)
Prince George's,Property Damage Crashes,DS0401000W,University of Maryland Police College Park,Single Vehicle,,No,No,No,No,,,,No,TRUE,No,5/15/2024,5/15/2024,16,UMCP,101,16,3,,,Point,16:20,2024,Wednesday,35,"Other Fixed Object (wall, building, tunnel, etc.)",99,Unknown,,,101,State,,,,,38.99071191,1,Daylight,5/15/2024,-76.93912945,,,F,N,Yes,102,Parking Lot Way,,,1,No,97,Not Applicable,,,,,,,No,,,,,,,2024,POINT (-76.939129447 38.990711907)
Prince George's,Property Damage Crashes,DS0502000F,University of Maryland Police College Park,Angle,,Yes,No,No,No,,,,No,TRUE,No,4/12/2024,4/12/2024,18,UMCP,1,16,3,,,Point,18:51,2024,Friday,15,Parked Vehicle,2,In Parking Lane Or Zone,,,,,,,,,38.9908282,1,Daylight,4/12/2024,-76.94900471,,,F,N,Yes,100,Parking Stall,,,1,No,,,,,,,,,No,,,,,,,2024,POINT (-76.94900471299999 38.990828197)
Prince George's,Injury Crashes,DA4332002N,Prince George's County Police,"Sideswipe, Opposite Direction",Principal Arterial – Other,No,No,No,No,,1,UNITED STATE ROUTE,No,TRUE,No,9/10/2024,9/10/2024,16,PGCOPD,6,16,2,Yes,4,Point,16:00,2024,Tuesday,12,Motor Vehicle In Transport,7,"On Shoulder, Right Side",3,Perpendicular,,,MELBOURNE PL,3,5,Intersection or Related,38.99086231,1,Daylight,9/10/2024,-76.93391098,W,0,F,N,No,,,25747FA2509EAC64076C537CC117DDA137876463D9B30950BAA972E86227CC09,US,1,No,,,,,1,Dry,1,Signalized,No,,,,,,,2024,POINT (-76.933910978 38.990862305)
Prince George's,Property Damage Crashes,DS0503000N,University of Maryland Police College Park,Rear To Side,Principal Arterial – Other,No,No,No,No,BALTIMORE AVE,1,UNITED STATE ROUTE,No,TRUE,No,8/25/2024,8/25/2024,21,UMCP,5,16,3,Yes,2,Point,21:42,2024,Sunday,12,Motor Vehicle In Transport,5,On Roadway,3,Perpendicular,,,MELBOURNE PL,3,5,Intersection or Related,38.99087412,3,Dark - Lighted,8/25/2024,-76.93394998,S,0,F,N,No,,,19E1EB1CAAD15565AA65C0836499B13E4F427D411AC301BF53CD085B2F00C755,US,1,No,12,Motor Vehicle In Transport,5,On Roadway,1,Dry,1,Signalized,No,,,,,,,2024,POINT (-76.933949977 38.990874122)
Prince George's,Property Damage Crashes,DS0415001S,University of Maryland Police College Park,Single Vehicle,,No,No,No,No,,,,No,TRUE,No,8/7/2024,8/7/2024,13,UMCP,101,16,3,,,Point,13:00,2024,Wednesday,35,"Other Fixed Object (wall, building, tunnel, etc.)",99,Unknown,,,,,,,,,38.99091677,1,Daylight,8/7/2024,-76.94690532,,,F,N,Yes,107,Alley,,,1,No,97,Not Applicable,,,,,,,No,,,,,,,2024,POINT (-76.94690532200001 38.990916765)
Prince George's,Property Damage Crashes,DS04210028,University of Maryland Police College Park,Single Vehicle,,Yes,No,No,No,,,,No,TRUE,No,6/25/2024,6/25/2024,13,UMCP,101,16,3,,,Point,13:22,2024,Tuesday,36,"Other Post, Pole, Or Support",99,Unknown,,,101,State,,,,,38.9910822,1,Daylight,6/25/2024,-76.94502648,,,F,N,Yes,104,Service Road,,,1,No,36,"Other Post, Pole, Or Support",99,Unknown,,,,,No,,,,,,,2024,POINT (-76.945026476 38.991082196)
Prince George's,Property Damage Crashes,DS0321000C,University of Maryland Police College Park,Single Vehicle,,No,No,No,No,,,,No,TRUE,No,5/16/2024,5/16/2024,20,UMCP,101,16,3,,,Point,20:10,2024,Thursday,41,Utility Pole/Light Support,9,Roadside,,,101,State,,,,,38.99113143,1,Daylight,5/16/2024,-76.94646583,,,F,N,Yes,107,Alley,,,1,No,41,Utility Pole/Light Support,9,Roadside,,,,,No,,,,,,,2024,POINT (-76.94646583399999 38.991131432)
Prince George's,Property Damage Crashes,DS05160006,University of Maryland Police College Park,"Sideswipe, Same Direction",Local,No,No,No,No,STADIUM DR,165,STATE ROAD,Yes,TRUE,No,4/24/2024,4/24/2024,9,UMCP,7,16,3,Yes,,Point,9:30,2024,Wednesday,12,Motor Vehicle In Transport,5,On Roadway,7,,,,,,9,Through Roadway,38.99113244,1,Daylight,4/24/2024,-76.94656785,S,14.68,F,N,No,,,A23133F6CFE6B9594B07681DC93439AD41CCCAFF73EC7ED89A9425DF57B74F18,SR,1,No,,,,,1,Dry,,,No,,,,,,,2024,POINT (-76.946567847 38.991132439)
Prince George's,Property Damage Crashes,MSP7764004V,Maryland State Police,"Sideswipe, Same Direction",,No,No,No,No,NO NAME,2218,LOCAL ROAD,No,TRUE,No,10/11/2024,10/11/2024,22,MSP,7,16,3,No,,Point,22:45,2024,Friday,15,Parked Vehicle,5,On Roadway,,,,,,,6,Non-Junction,38.99123014,3,Dark - Lighted,10/11/2024,-76.95002986,E,12.63,F,N,No,,,97D67662A9C2DB442B0EFED61640D58F7161877F2A224697E6993C9A4CA7F200,LL,1,No,,,,,1,Dry,,,No,,,,,,,2024,POINT (-76.95002986199999 38.991230138)
Prince George's,Property Damage Crashes,DS0520000H,University of Maryland Police College Park,Single Vehicle,,No,Yes,No,No,,,,No,TRUE,No,8/31/2024,8/31/2024,19,UMCP,101,16,3,,,Point,19:34,2024,Saturday,35,"Other Fixed Object (wall, building, tunnel, etc.)",2,In Parking Lane Or Zone,,,,,,,,,38.99126408,3,Dark - Lighted,8/31/2024,-76.93450315,,,F,N,Yes,102,Parking Lot Way,,,1,No,,,,,,,,,No,,,,,,,2024,POINT (-76.93450315299999 38.991264083)
Prince George's,Property Damage Crashes,DS05250004,University of Maryland Police College Park,Single Vehicle,Principal Arterial – Other,No,No,No,No,UNIVERSITY BLVD,193,MARYLAND ROUTE,No,TRUE,No,12/9/2024,12/9/2024,6,UMCP,101,16,3,No,,Point,6:07,2024,Monday,9,Animal (live),5,On Roadway,3,,,,,,6,Non-Junction,38.99132684,4,Dark - Not Lighted,12/9/2024,-76.95227284,N,13.58,F,N,No,,,BD931B0F734569E27AB55EB2BFF07AFC71FAF4D1BA4715FA0E2420D13FF7BD7F,MD,1,No,,,,,1,Dry,,,No,,,,,,,2024,POINT (-76.95227283600001 38.991326836)
Prince George's,Property Damage Crashes,DS0457000Y,University of Maryland Police College Park,Front to Rear,,Yes,No,No,No,STADIUM DR,660,LOCAL ROAD,No,TRUE,No,10/11/2024,10/11/2024,17,UMCP,3,16,3,Yes,2,Point,17:50,2024,Friday,12,Motor Vehicle In Transport,5,On Roadway,,Roundabout/Traffic Circle,,,STADIUM DR,2,5,Intersection or Related,38.99165506,1,Daylight,10/11/2024,-76.94930338,S,0,F,N,No,,,DAA8920C1793216FEC0E4C1C87380D5B6EDD8452C2842C102F9E357D96D1C686,LL,1,No,,,,,1,Dry,4,Yield,No,,,,,,,2024,POINT (-76.949303382 38.991655058)
Prince George's,Injury Crashes,DS0243002F,University of Maryland Police College Park,Single Vehicle,Local,No,Yes,No,Yes,STADIUM DR,165,STATE ROAD,No,TRUE,No,4/18/2024,4/18/2024,19,UMCP,101,16,2,No,,Point,19:05,2024,Thursday,16,Pedalcycle,5,On Roadway,7,,,,,,6,Non-Junction,38.99181033,1,Daylight,4/18/2024,-76.94756171,S,19.99,F,N,No,,,AB9AE941359641E135DE44B1C04880F96511F15DF696D1301B2B8C88B7AF3C9E,SR,1,No,97,Not Applicable,,,1,Dry,,,No,,,,,,,2024,POINT (-76.94756170700001 38.991810332)
Prince George's,Property Damage Crashes,DA44150002,Prince George's County Police,"Sideswipe, Same Direction",Principal Arterial – Other,No,No,No,No,,1,UNITED STATE ROUTE,No,TRUE,No,12/17/2024,12/17/2024,19,PGCOPD,7,16,3,No,,Point,19:52,2024,Tuesday,12,Motor Vehicle In Transport,5,On Roadway,3,,,,,,6,Non-Junction,38.99187374,3,Dark - Lighted,12/17/2024,-76.93365804,N,93.99,F,N,No,,,DD44003299C46610F26243E41FBF769A1746D62FF4C0EE9B9D1B9AF4F999C32C,US,1,No,12,Motor Vehicle In Transport,5,On Roadway,1,Dry,,,No,,,,,,,2024,POINT (-76.933658041 38.991873737)
Prince George's,Injury Crashes,DA4331002P,Prince George's County Police,Single Vehicle,Principal Arterial – Other,No,No,No,No,,1,UNITED STATE ROUTE,No,TRUE,No,6/9/2024,6/9/2024,13,PGCOPD,101,16,2,No,,Point,13:07,2024,Sunday,35,"Other Fixed Object (wall, building, tunnel, etc.)",4,"Off-Roadway, Location Unknown",3,,,,,,6,Non-Junction,38.99190326,1,Daylight,6/9/2024,-76.93347207,N,6.31,F,N,No,,,9CFF2609FA765B2E0F9B9DEB5AE4C13259E705C6E67609CD2FD4988B6A1EDFB7,US,1,No,,,,,1,Dry,,,No,,,,,,,2024,POINT (-76.933472067 38.991903259)
Prince George's,Injury Crashes,DA380500CP,Prince George's County Police,Front to Rear,Principal Arterial – Other,No,No,No,No,BALTIMORE AVE,1,UNITED STATE ROUTE,No,TRUE,Yes,2/12/2024,2/12/2024,23,PGCOPD,3,16,2,Yes,3,Point,23:40,2024,Monday,12,Motor Vehicle In Transport,5,On Roadway,3,Perpendicular,,,NAVAHOE ST,3,5,Intersection or Related,38.99192566,3,Dark - Lighted,2/12/2024,-76.93337008,N,0,F,N,No,,,88E746D9DB93463B8D48A1FCC6353BE6ACB085316C0021CC3A689025A4ACF582,US,1,No,,,,,9,Wet,3,Stop - Partial,Yes,N,4,Activity Area,3,Work on Shoulder or Median,No,2024,POINT (-76.933370078 38.991925664)
Prince George's,Property Damage Crashes,DS0505000M,University of Maryland Police College Park,Single Vehicle,Local,No,No,No,No,STADIUM DR,165,STATE ROAD,No,TRUE,No,11/23/2024,11/23/2024,23,UMCP,101,16,3,No,,Point,23:56,2024,Saturday,37,Other Traffic Barrier,5,On Roadway,7,,,,,,6,Non-Junction,38.99196627,3,Dark - Lighted,11/23/2024,-76.95057165,N,17.54,F,N,No,,,AC989989F48BC399D966BD405EBCF90EE894AB23723E8201855C7F8041435609,SR,1,No,,,,,1,Dry,,,No,,,,,,,2024,POINT (-76.95057165 38.991966274)