Crash_County_Description,Crash_Severity_Description,Reportnumber,Agencyname,CollisionImpact_Description,FunctionalClass_Description,ImpairedCrash,Large_Vehicle_Involved,Motorcycle_Crash,Non-Motorist_Crash,RoadName,Route_Number,RouteType_Description,Unrestrained_Occupants,WithinDateRange,Work_Zone_Related,Crashdate,LOD_Crash_Date,Crashhour,AgencyCode,CollisionImpact,Crash_County,Crash_Severity,Crash_Within_Interchange,CrashInterchangeApproaches,CrashPoint,Crashtime,CrashYear,Dayofweek,FirstHarmEvent,FirstHarmEvent_Description,FirstHarmLocation,FirstHarmLocation_Description,FunctionalClass,Geometry_Description,GovPropertyDamage,GovPropertyDamage_Description,IntersectingRoadName,Intersection_Geometry,JunctionRelated,JunctionRelated_Description,Latitude,Light,Light_Description,LOD_Date_Level,Longitude,MilepointDirection,MilepointDistance,MilepointUnits,NonTrafficFatal,OffRoad,OffroadLocation,OffroadLocation_Description,RoadID,RouteType,SchoolBusRelated,SchoolBusRelated_Description,SecondHarmEvent,SecondHarmEvent_Description,SecondHarmLocation,SecondHarmLocation_Description,Surface,Surface_Description,TrafficControl,Trafficcontrol_Description,Work_Zone_Crash,WZLawEnforcementPresent,WZLocation,WZLocation_Description,WZType,WZType_Description,WZWorkersPresent,year,geometry
Prince George's,Property Damage Crashes,DA3702004P,Prince George's County Police,Angle,,No,No,No,No,,,,No,TRUE,No,10/19/2024,10/19/2024,21,PGCOPD,1,16,3,,,Point,21:30,2024,Saturday,15,Parked Vehicle,5,On Roadway,,,,,,,,,38.9920799,3,Dark - Lighted,10/19/2024,-76.93409455,,,F,N,Yes,102,Parking Lot Way,,,1,No,,,,,,,,,No,,,,,,,2024,POINT (-76.934094548 38.992079896)
Prince George's,Property Damage Crashes,DS05240002,University of Maryland Police College Park,Single Vehicle,Local,No,Yes,No,No,REGENTS DR,162,STATE ROAD,No,TRUE,No,7/12/2024,7/12/2024,10,UMCP,101,16,3,No,,Point,10:12,2024,Friday,36,"Other Post, Pole, Or Support",9,Roadside,7,,101,State,,,6,Non-Junction,38.99213958,1,Daylight,7/12/2024,-76.94023786,N,4.19,F,N,No,,,92D35E49986B2ED663A82DFCD9C33EE6609107E718D5FA80A45F4BA89690AFA8,SR,1,No,36,"Other Post, Pole, Or Support",9,Roadside,1,Dry,,,No,,,,,,,2024,POINT (-76.94023785900001 38.992139578)
Prince George's,Property Damage Crashes,DS0483000Y,University of Maryland Police College Park,"Sideswipe, Same Direction",,No,Yes,No,No,,,,No,TRUE,No,4/16/2024,4/16/2024,14,UMCP,7,16,3,,,Point,14:24,2024,Tuesday,12,Motor Vehicle In Transport,5,On Roadway,,,,,,,,,38.99236876,1,Daylight,4/16/2024,-76.93397654,,,F,N,Yes,104,Service Road,,,1,No,12,Motor Vehicle In Transport,5,On Roadway,,,,,No,,,,,,,2024,POINT (-76.933976536 38.992368764)
Prince George's,Injury Crashes,DS0505000L,University of Maryland Police College Park,Front to Rear,Principal Arterial – Other,Yes,No,No,No,UNIVERSITY BLVD,193,MARYLAND ROUTE,No,TRUE,No,10/4/2024,10/4/2024,6,UMCP,3,16,2,No,,Point,6:04,2024,Friday,12,Motor Vehicle In Transport,5,On Roadway,3,,101,State,,,6,Non-Junction,38.99240908,3,Dark - Lighted,10/4/2024,-76.95153789,S,17.93,F,N,No,,,63BE57F7AD15A3C4A139FCF8485555FF73E3B56B58053F86F528FCD46C19D2EA,MD,1,No,36,"Other Post, Pole, Or Support",5,On Roadway,1,Dry,,,No,,,,,,,2024,POINT (-76.951537892 38.99240908)
Prince George's,Property Damage Crashes,DS0506000J,University of Maryland Police College Park,Unknown,,No,No,No,No,,,,No,TRUE,No,9/5/2024,9/5/2024,10,UMCP,99,16,3,,,Point,10:00,2024,Thursday,15,Parked Vehicle,2,In Parking Lane Or Zone,,,,,,,,,38.99241769,99,Unknown,9/5/2024,-76.94240474,,,F,N,Yes,102,Parking Lot Way,,,1,No,97,Not Applicable,,,,,,,No,,,,,,,2024,POINT (-76.94240474199999 38.992417691)
Prince George's,Property Damage Crashes,DA4293002T,Prince George's County Police,"Sideswipe, Same Direction",Principal Arterial – Other,No,No,No,No,,1,UNITED STATE ROUTE,No,TRUE,No,5/6/2024,5/6/2024,19,PGCOPD,7,16,3,No,,Point,19:17,2024,Monday,12,Motor Vehicle In Transport,5,On Roadway,3,,,,,,6,Non-Junction,38.99246194,1,Daylight,5/6/2024,-76.93316501,N,15.5,F,N,No,,,A88DE2081305EDB10B394B2D1D095A6E0410F1F7CA61A87E37C6DD20B6102A7F,US,1,No,,,,,1,Dry,,,No,,,,,,,2024,POINT (-76.933165011 38.992461944)
Prince George's,Injury Crashes,DA3438001G,Prince George's County Police,"Sideswipe, Opposite Direction",Local,No,No,No,No,BERWYN HOUSE RD,110,MUNICIPAL ROAD,No,TRUE,No,9/26/2024,9/26/2024,11,PGCOPD,6,16,2,No,,Point,11:59,2024,Thursday,12,Motor Vehicle In Transport,8,Outside Road/Right-Of-Way,7,,,,,,6,Non-Junction,38.99265206,1,Daylight,9/26/2024,-76.93327667,E,92.33,F,N,No,,,444B167B349719ED4CC98F1B3231CC4EB471CBFD6A0AAB24C23E3562652F787C,MU,1,No,12,Motor Vehicle In Transport,5,On Roadway,1,Dry,,,No,,,,,,,2024,POINT (-76.933276674 38.992652064)
Prince George's,Property Damage Crashes,DS04870009,University of Maryland Police College Park,Single Vehicle,Local,No,No,No,No,TECHNOLOGY DR,202,STATE ROAD,No,TRUE,No,4/27/2024,4/27/2024,14,UMCP,101,16,3,No,,Point,14:50,2024,Saturday,36,"Other Post, Pole, Or Support",9,Roadside,7,,101,State,,,6,Non-Junction,38.99267234,1,Daylight,4/27/2024,-76.93911855,W,14.99,F,N,No,,,9A95012E5524A85638C885BA3A3D62962D9ACC87AC9FAC2A2FC130DB29C46907,SR,1,No,97,Not Applicable,,,9,Wet,,,No,,,,,,,2024,POINT (-76.939118549 38.992672338)
Prince George's,Property Damage Crashes,DA3447003M,Prince George's County Police,Single Vehicle,Principal Arterial – Other,No,No,No,No,,1,UNITED STATE ROUTE,No,TRUE,Yes,4/21/2024,4/21/2024,9,PGCOPD,101,16,3,No,,Point,9:11,2024,Sunday,13,Other Non-Fixed Object,6,"On Shoulder, Left Side",3,,,,BERWYN HOUSE RD,,9,Through Roadway,38.99270158,1,Daylight,4/21/2024,-76.93312287,N,14.39,F,N,No,,,CB9FA6733DFAD16B64D84567BEF15435B8DD4FBEC0EDD6201C29578F3C0E40FE,US,1,No,,,,,1,Dry,,,Yes,N,4,Activity Area,3,Work on Shoulder or Median,No,2024,POINT (-76.933122865 38.992701583)
Prince George's,Property Damage Crashes,DS03910029,University of Maryland Police College Park,"Sideswipe, Same Direction",Principal Arterial – Other,No,No,No,No,,1,UNITED STATE ROUTE,No,TRUE,No,6/21/2024,6/21/2024,15,UMCP,7,16,3,No,4,Point,15:31,2024,Friday,12,Motor Vehicle In Transport,5,On Roadway,3,Perpendicular,,,BERWYN HOUSE RD,3,5,Intersection or Related,38.99271094,1,Daylight,6/21/2024,-76.9331284,N,0,F,N,No,,,CB9FA6733DFAD16B64D84567BEF15435B8DD4FBEC0EDD6201C29578F3C0E40FE,US,1,No,97,Not Applicable,,,1,Dry,1,Signalized,No,,,,,,,2024,POINT (-76.933128404 38.992710939)
Prince George's,Property Damage Crashes,DA418100CD,Prince George's County Police,Single Vehicle,,No,No,No,No,MOHEGAN PL,2256,LOCAL ROAD,No,TRUE,No,1/18/2024,1/18/2024,14,PGCOPD,101,16,3,No,,Point,14:47,2024,Thursday,35,"Other Fixed Object (wall, building, tunnel, etc.)",4,"Off-Roadway, Location Unknown",,,,,MOHEGAN PL,,6,Non-Junction,38.99271945,1,Daylight,1/18/2024,-76.93090217,S,15.52,F,N,No,,,3EF859B1022C9B4DC80C12ED333EADE575AC0D120EE7A9D31B1DB9459493BE39,LL,1,No,100,Spilled Cargo,4,"Off-Roadway, Location Unknown",2,Ice/Frost,,,No,,,,,,,2024,POINT (-76.93090217300001 38.992719445)
Prince George's,Injury Crashes,DA37740086,Prince George's County Police,Single Vehicle,Local,No,No,No,Yes,BERWYN HOUSE RD,5545,OTHER PUBLIC ROAD,No,TRUE,No,11/14/2024,11/14/2024,20,PGCOPD,101,16,2,No,4,Point,20:35,2024,Thursday,17,Pedestrian,5,On Roadway,7,Perpendicular,,,BALTIMORE AVE BERWYN HOUSE RD,3,5,Intersection or Related,38.99275111,3,Dark - Lighted,11/14/2024,-76.93298816,W,0,F,N,No,,,A07F6EDE62C0C50746EE2B94FD6BEB5008ED8AAA53A9AFCB7B69FF58AC3C7EBA,OP,1,No,,,,,9,Wet,1,Signalized,No,,,,,,,2024,POINT (-76.932988159 38.992751108)
Prince George's,Property Damage Crashes,DS0502000N,University of Maryland Police College Park,"Sideswipe, Opposite Direction",,No,No,No,No,,,,No,TRUE,No,10/28/2024,10/28/2024,8,UMCP,6,16,3,,,Point,8:59,2024,Monday,12,Motor Vehicle In Transport,2,In Parking Lane Or Zone,,,,,,,,,38.99275438,1,Daylight,10/28/2024,-76.94776047,,,F,N,Yes,100,Parking Stall,,,1,No,40,Tree (standing),8,Outside Road/Right-Of-Way,,,,,No,,,,,,,2024,POINT (-76.94776046699999 38.992754378)
Prince George's,Injury Crashes,DA325700CZ,Prince George's County Police,Single Vehicle,Principal Arterial – Other,No,No,No,Yes,,1,UNITED STATE ROUTE,No,TRUE,No,12/11/2024,12/11/2024,17,PGCOPD,101,16,2,Yes,4,Point,17:29,2024,Wednesday,17,Pedestrian,5,On Roadway,3,Perpendicular,,,BERWYN HOUSE RD,3,5,Intersection or Related,38.99276376,3,Dark - Lighted,12/11/2024,-76.93314595,S,0,F,N,No,,,CB9FA6733DFAD16B64D84567BEF15435B8DD4FBEC0EDD6201C29578F3C0E40FE,US,1,No,,,,,9,Wet,1,Signalized,No,,,,,,,2024,POINT (-76.933145948 38.99276376)
Prince George's,Injury Crashes,DA41930070,Prince George's County Police,Single Vehicle,Local,No,No,No,Yes,BERWYN HOUSE RD,5545,OTHER PUBLIC ROAD,No,TRUE,No,2/5/2024,2/5/2024,23,PGCOPD,101,16,2,No,,Point,23:37,2024,Monday,17,Pedestrian,5,On Roadway,7,,,,,,6,Non-Junction,38.99291063,3,Dark - Lighted,2/5/2024,-76.93363676,N,7.02,F,N,No,,,0895A5F2FFD83B4B589A36F13DF4503044AC95FAE8DF074C7E5D6D295590100A,OP,1,No,,,,,1,Dry,,,No,,,,,,,2024,POINT (-76.93363676 38.992910625)
Prince George's,Property Damage Crashes,DS04500010,University of Maryland Police College Park,Single Vehicle,,No,No,No,No,,,,No,TRUE,No,8/24/2024,8/24/2024,21,UMCP,101,16,3,,,Point,21:15,2024,Saturday,36,"Other Post, Pole, Or Support",8,Outside Road/Right-Of-Way,,,101,State,,,,,38.99300857,4,Dark - Not Lighted,8/24/2024,-76.94547552,,,F,N,Yes,104,Service Road,,,1,No,,,,,,,,,No,,,,,,,2024,POINT (-76.94547551700001 38.993008573)
Prince George's,Property Damage Crashes,DS0506000D,University of Maryland Police College Park,Rear To Rear,,No,No,No,No,,1507,PRIVATE ROAD,No,TRUE,No,6/5/2024,6/5/2024,18,UMCP,4,16,3,No,,Point,18:00,2024,Wednesday,12,Motor Vehicle In Transport,2,In Parking Lane Or Zone,,,,,FARM DR,,6,Non-Junction,38.99301548,1,Daylight,6/5/2024,-76.94748145,W,63.93,F,N,No,,,26422A57AA5AC5FA03FD0383ACB30502175521E3947D7BF619D1081950E487E8,PV,1,No,15,Parked Vehicle,2,In Parking Lane Or Zone,9,Wet,,,No,,,,,,,2024,POINT (-76.947481448 38.993015479)
Prince George's,Property Damage Crashes,DA4381001S,Prince George's County Police,Front to Rear,Principal Arterial – Other,No,No,No,No,,1,UNITED STATE ROUTE,Yes,TRUE,No,10/26/2024,10/26/2024,15,PGCOPD,3,16,3,No,,Point,15:00,2024,Saturday,12,Motor Vehicle In Transport,5,On Roadway,3,,,,,,1,Acceleration/Deceleration Lane,38.99306145,1,Daylight,10/26/2024,-76.9327775,W,47.7,F,N,No,,,952AE36791FCA55B6624E8B1B1C3F5D8DF4D7F33AB55AB1909EC4517447932DC,US,1,No,,,,,1,Dry,,,No,,,,,,,2024,POINT (-76.932777499 38.993061453)
Prince George's,Property Damage Crashes,DS05020009,University of Maryland Police College Park,"Sideswipe, Same Direction",Principal Arterial – Other,No,No,No,No,BALTIMORE AVE,1,UNITED STATE ROUTE,No,TRUE,Yes,3/7/2024,3/7/2024,7,UMCP,7,16,3,No,,Point,7:50,2024,Thursday,12,Motor Vehicle In Transport,5,On Roadway,3,,,,,,6,Non-Junction,38.99317635,1,Daylight,3/7/2024,-76.9329372,N,27.19,F,N,No,,,253F885809C534023CF9B7F844710547EECBBA6EBAF8AD887EB46AD87D20EE8B,US,1,No,97,Not Applicable,,,1,Dry,,,Yes,N,4,Activity Area,1,Lane Closure,Yes,2024,POINT (-76.932937198 38.993176351)
Prince George's,Property Damage Crashes,DS05200004,University of Maryland Police College Park,"Sideswipe, Same Direction",,No,Yes,No,No,,207,PRIVATE ROAD,No,TRUE,No,1/24/2024,1/24/2024,12,UMCP,7,16,3,No,,Point,12:11,2024,Wednesday,12,Motor Vehicle In Transport,2,In Parking Lane Or Zone,,,,,,,6,Non-Junction,38.99319473,1,Daylight,1/24/2024,-76.94923393,S,17.75,F,N,No,,,5384C64A6FB1F3864BD79F9523D05E1D40F3B59D916465CE3EFE44CACA425B54,PV,1,No,,,,,9,Wet,,,No,,,,,,,2024,POINT (-76.949233929 38.993194726)
Prince George's,Injury Crashes,DA41930072,Prince George's County Police,Front to Rear,Principal Arterial – Other,No,No,No,No,UNIVERSITY BLVD (WB/L),193,MARYLAND ROUTE,No,TRUE,No,2/27/2024,2/27/2024,18,PGCOPD,3,16,2,No,,Point,18:28,2024,Tuesday,12,Motor Vehicle In Transport,5,On Roadway,3,,,,,,6,Non-Junction,38.99330817,4,Dark - Not Lighted,2/27/2024,-76.9513029,N,32.66,F,N,No,,,280049133A6B31FD4C0A7C41769F4F2542E04C979F46F179F2F9757C46BE5697,MD,1,No,,,,,1,Dry,,,No,,,,,,,2024,POINT (-76.951302903 38.993308169)
Prince George's,Property Damage Crashes,DS0471000M,University of Maryland Police College Park,"Sideswipe, Same Direction",,No,No,No,No,,,,No,TRUE,No,8/31/2024,8/31/2024,16,UMCP,7,16,3,,,Point,16:09,2024,Saturday,15,Parked Vehicle,2,In Parking Lane Or Zone,,,,,,,,,38.99338471,1,Daylight,8/31/2024,-76.93583356,,,F,N,Yes,101,Parking Aisle,,,1,No,,,,,,,,,No,,,,,,,2024,POINT (-76.93583355600001 38.993384707)
Prince George's,Property Damage Crashes,DS0242001W,University of Maryland Police College Park,Single Vehicle,Local,No,Yes,No,No,REGENTS DR,162,STATE ROAD,No,TRUE,No,5/21/2024,5/21/2024,19,UMCP,101,16,3,No,,Point,19:10,2024,Tuesday,35,"Other Fixed Object (wall, building, tunnel, etc.)",5,On Roadway,7,,101,State,NO NAME,,6,Non-Junction,38.99358755,1,Daylight,5/21/2024,-76.93998313,S,31.96,F,N,No,,,0770C8EA7C25C8A6EA209FF42C9F4C1EFEE8B325B8FB7FB054B1B07D61A91F93,SR,1,No,97,Not Applicable,,,1,Dry,,,No,,,,,,,2024,POINT (-76.939983127 38.993587546)
Prince George's,Property Damage Crashes,DS0401000X,University of Maryland Police College Park,Front to Rear,Local,No,No,No,No,REGENTS DR,162,STATE ROAD,No,TRUE,No,5/29/2024,5/29/2024,15,UMCP,3,16,3,No,,Point,15:23,2024,Wednesday,12,Motor Vehicle In Transport,8,Outside Road/Right-Of-Way,7,,,,,,99,Unknown,38.99361241,1,Daylight,5/29/2024,-76.9396619,W,16.99,F,N,No,,,B66B50562D8F64308BA7223780587B7C5B210B67F3C2AD4FF986128F27C42FED,SR,1,No,12,Motor Vehicle In Transport,99,Unknown,1,Dry,,,No,,,,,,,2024,POINT (-76.93966190099999 38.993612408)
Prince George's,Property Damage Crashes,DA4050005Z,Prince George's County Police,Angle,Principal Arterial – Other,No,No,No,No,BALTIMORE AVE,1,UNITED STATE ROUTE,No,TRUE,No,6/27/2024,6/27/2024,21,PGCOPD,1,16,3,No,,Point,21:20,2024,Thursday,12,Motor Vehicle In Transport,5,On Roadway,3,,,,,,9,Through Roadway,38.9937397,3,Dark - Lighted,6/27/2024,-76.93263845,S,8.14,F,N,No,,,E0727B8C5DE32B41BA75E832BD2DE1E5670758EF7E34920E0807D9D9E794A971,US,1,No,,,,,1,Dry,,,No,,,,,,,2024,POINT (-76.93263844800001 38.993739696)
Prince George's,Property Damage Crashes,DS05290003,University of Maryland Police College Park,Single Vehicle,,Yes,No,No,No,,,,No,TRUE,No,10/29/2024,10/29/2024,17,UMCP,101,16,3,,,Point,17:22,2024,Tuesday,35,"Other Fixed Object (wall, building, tunnel, etc.)",2,In Parking Lane Or Zone,,,,,,,,,38.993868,1,Daylight,10/29/2024,-76.93905796,,,F,N,Yes,102,Parking Lot Way,,,1,No,,,,,,,,,No,,,,,,,2024,POINT (-76.939057963 38.993868002)
Prince George's,Injury Crashes,DA3126000Q,Prince George's County Police,Other,Principal Arterial – Other,No,No,No,No,BALTIMORE AVE,1,UNITED STATE ROUTE,No,TRUE,No,2/12/2024,2/12/2024,19,PGCOPD,98,16,2,No,,Point,19:30,2024,Monday,12,Motor Vehicle In Transport,5,On Roadway,3,,,,,,99,Unknown,38.99388048,3,Dark - Lighted,2/12/2024,-76.93260496,S,3.73,F,N,No,,,E632A40448C5AF35A4911DD18A7EAC371C9DF2EDE15AC4FAD38A2FB108A8E392,US,1,No,,,,,9,Wet,,,No,,,,,,,2024,POINT (-76.932604961 38.993880483)
Prince George's,Property Damage Crashes,DA4394000G,Prince George's County Police,Angle,Minor Arterial,No,No,No,No,ADELPHI RD,232,COUNTY ROAD,No,TRUE,No,9/27/2024,9/27/2024,15,PGCOPD,1,16,3,Yes,2,Point,15:45,2024,Friday,12,Motor Vehicle In Transport,5,On Roadway,4,Angled/Skewed,,,26TH PL,1,5,Intersection or Related,38.99388405,1,Daylight,9/27/2024,-76.95975442,S,0,F,N,No,,,CA648EF8E11FE1324ABC1A7F689C8764B2033292EB3F9A8EC96055DF5486AFDC,CO,1,No,12,Motor Vehicle In Transport,5,On Roadway,9,Wet,1,Signalized,No,,,,,,,2024,POINT (-76.95975442 38.993884049)
Prince George's,Injury Crashes,DS0487000B,University of Maryland Police College Park,Front to Rear,Principal Arterial – Other,Yes,No,No,No,BALTIMORE AVE,1,UNITED STATE ROUTE,No,TRUE,No,11/28/2024,11/28/2024,0,UMCP,3,16,2,No,,Point,0:54,2024,Thursday,12,Motor Vehicle In Transport,3,Median,3,,101,State,,,1,Acceleration/Deceleration Lane,38.99427284,3,Dark - Lighted,11/28/2024,-76.9323909,N,12.03,F,N,No,,,280CC37A944A49007C16558FC1C6B1A0DF8973A2268A4315761E926C628CB2FC,US,1,No,7,Overturn/Rollover,7,"On Shoulder, Right Side",1,Dry,,,No,,,,,,,2024,POINT (-76.93239089799999 38.994272835)
Prince George's,Property Damage Crashes,DS0505000J,University of Maryland Police College Park,"Sideswipe, Same Direction",,No,No,No,No,,,,No,TRUE,No,2/17/2024,2/17/2024,16,UMCP,7,16,3,,,Point,16:30,2024,Saturday,12,Motor Vehicle In Transport,2,In Parking Lane Or Zone,,,,,,,,,38.99436922,1,Daylight,2/17/2024,-76.93911106,,,F,N,Yes,100,Parking Stall,,,1,No,,,,,,,,,No,,,,,,,2024,POINT (-76.939111055 38.994369222)
Prince George's,Injury Crashes,DS05290005,University of Maryland Police College Park,Single Vehicle,Local,No,No,No,Yes,PAINT BRANCH DR,95,STATE ROAD,No,TRUE,No,11/25/2024,11/25/2024,7,UMCP,101,16,2,No,,Point,7:52,2024,Monday,16,Pedalcycle,5,On Roadway,7,,,,,,6,Non-Junction,38.99464557,1,Daylight,11/25/2024,-76.93731721,N,7.08,F,N,No,,,D7D1E04264D5EC3CF4486A443E90711BE23FFD7AE00FF649C966EE658747762C,SR,1,No,,,,,1,Dry,,,No,,,,,,,2024,POINT (-76.937317209 38.994645571)
Prince George's,Property Damage Crashes,DA3965007X,Prince George's County Police,"Sideswipe, Same Direction",Local,No,No,No,No,ROANOKE PL,1100,MUNICIPAL ROAD,No,TRUE,No,1/22/2024,1/22/2024,17,PGCOPD,7,16,3,No,,Point,17:48,2024,Monday,15,Parked Vehicle,2,In Parking Lane Or Zone,7,,,,,,6,Non-Junction,38.99480075,1,Daylight,1/22/2024,-76.92362787,S,8.31,F,N,No,,,ADAAA7ADA954F39D57B7B82507DEDCCB016DF11A9220EB34D3BE0A8BB212C3D3,MU,1,No,,,,,1,Dry,,,No,,,,,,,2024,POINT (-76.923627874 38.994800747)
Prince George's,Property Damage Crashes,DS0508000F,University of Maryland Police College Park,Single Vehicle,,No,No,No,No,,,,No,TRUE,No,10/23/2024,10/23/2024,12,UMCP,101,16,3,,,Point,12:30,2024,Wednesday,13,Other Non-Fixed Object,2,In Parking Lane Or Zone,,,101,State,,,,,38.99483698,1,Daylight,10/23/2024,-76.93800137,,,F,N,Yes,102,Parking Lot Way,,,1,No,13,Other Non-Fixed Object,2,In Parking Lane Or Zone,,,,,No,,,,,,,2024,POINT (-76.93800136500001 38.994836978)
Prince George's,Property Damage Crashes,DS05110004,University of Maryland Police College Park,Front to Rear,,No,No,No,No,,709,PRIVATE ROAD,Yes,TRUE,No,9/18/2024,9/18/2024,16,UMCP,3,16,3,No,,Point,16:06,2024,Wednesday,15,Parked Vehicle,4,"Off-Roadway, Location Unknown",,,,,,,6,Non-Junction,38.99493825,1,Daylight,9/18/2024,-76.94253716,E,51.86,F,N,No,,,AFA2FC0FA57C346364DD6A9F3FCFBB2F747DF316BCE521D693C849F84470367A,PV,1,No,19,Strikes Object at Rest from Motor Vehicle In Transport,4,"Off-Roadway, Location Unknown",1,Dry,,,No,,,,,,,2024,POINT (-76.942537164 38.994938252)
Prince George's,Injury Crashes,DA4193007M,Prince George's County Police,"Sideswipe, Same Direction",Local,No,Yes,No,No,BERWYN RD,100,MUNICIPAL ROAD,No,TRUE,No,11/25/2024,11/25/2024,7,PGCOPD,7,16,2,No,,Point,7:46,2024,Monday,12,Motor Vehicle In Transport,5,On Roadway,7,,,,,,6,Non-Junction,38.99493853,1,Daylight,11/25/2024,-76.92703541,W,36.41,F,N,No,,,F1275D989AF75F4647682E4C2DD5B679126B8B41B12A43987576B07A72E876AB,MU,1,No,,,,,1,Dry,,,No,,,,,,,2024,POINT (-76.92703540700001 38.994938526)
Prince George's,Property Damage Crashes,DS0457000T,University of Maryland Police College Park,Front to Front,,No,No,No,No,,,,No,TRUE,No,9/23/2024,9/23/2024,20,UMCP,2,16,3,,,Point,20:47,2024,Monday,15,Parked Vehicle,2,In Parking Lane Or Zone,,,,,,,,,38.99495516,3,Dark - Lighted,9/23/2024,-76.94336297,,,F,N,Yes,101,Parking Aisle,,,1,No,,,,,,,,,No,,,,,,,2024,POINT (-76.94336297300001 38.994955161)
Prince George's,Property Damage Crashes,DS0506000H,University of Maryland Police College Park,Single Vehicle,,No,No,No,No,,,,No,TRUE,No,6/17/2024,6/17/2024,0,UMCP,101,16,3,,,Point,0:00,2024,Monday,35,"Other Fixed Object (wall, building, tunnel, etc.)",2,In Parking Lane Or Zone,,,101,State,,,,,38.99496652,3,Dark - Lighted,6/17/2024,-76.94425082,,,F,N,Yes,102,Parking Lot Way,,,1,No,,,,,,,,,No,,,,,,,2024,POINT (-76.94425081599999 38.994966515)
Prince George's,Property Damage Crashes,DS0471000N,University of Maryland Police College Park,Single Vehicle,,No,No,No,No,,,,No,TRUE,No,9/30/2024,9/30/2024,12,UMCP,101,16,3,,,Point,12:00,2024,Monday,35,"Other Fixed Object (wall, building, tunnel, etc.)",2,In Parking Lane Or Zone,,,101,State,,,,,38.99507292,1,Daylight,9/30/2024,-76.94374565,,,F,N,Yes,102,Parking Lot Way,,,1,No,,,,,,,,,No,,,,,,,2024,POINT (-76.94374564899999 38.995072918)
Prince George's,Property Damage Crashes,DS04240010,University of Maryland Police College Park,Other,Local,No,No,No,No,TERRAPIN TR,203,STATE ROAD,Yes,TRUE,No,3/1/2024,3/1/2024,12,UMCP,98,16,3,No,,Point,12:45,2024,Friday,15,Parked Vehicle,4,"Off-Roadway, Location Unknown",7,,,,,,6,Non-Junction,38.99523495,1,Daylight,3/1/2024,-76.94257125,N,34.91,F,N,No,,,E846BF9E8703D497FC5DF69E42FAD926EFDE0E734CB9D82D08E42B8A902AE3CD,SR,1,No,97,Not Applicable,,,1,Dry,,,No,,,,,,,2024,POINT (-76.942571251 38.995234951)
Prince George's,Property Damage Crashes,DS0482000Z,University of Maryland Police College Park,"Sideswipe, Opposite Direction",Local,No,Yes,No,No,PAINT BRANCH DR,95,STATE ROAD,No,TRUE,No,11/4/2024,11/4/2024,6,UMCP,6,16,3,No,,Point,6:45,2024,Monday,12,Motor Vehicle In Transport,5,On Roadway,7,,,,,,6,Non-Junction,38.9953034,3,Dark - Lighted,11/4/2024,-76.93772234,E,46.28,F,N,No,,,51DCD1A692C34B4DC81A452F262AF6A4B999C9768603F1A9EE34C1735A6A6D8A,SR,1,No,12,Motor Vehicle In Transport,5,On Roadway,1,Dry,,,No,,,,,,,2024,POINT (-76.937722342 38.995303396)
Prince George's,Property Damage Crashes,DA4293002J,Prince George's County Police,Rear To Rear,Principal Arterial – Other,No,No,No,No,,1,UNITED STATE ROUTE,No,TRUE,No,1/4/2024,1/4/2024,12,PGCOPD,4,16,3,No,,Point,12:49,2024,Thursday,12,Motor Vehicle In Transport,5,On Roadway,3,,,,BERWYN RD,,1,Acceleration/Deceleration Lane,38.99559425,98,Other,1/4/2024,-76.93189204,N,13.22,F,N,No,,,FFD6A82CE0061810E1C077F9940405F471D95591BEE4DB466DCA3EBD3C2F8E98,US,1,No,12,Motor Vehicle In Transport,5,On Roadway,1,Dry,,,No,,,,,,,2024,POINT (-76.931892038 38.99559425)
Prince George's,Property Damage Crashes,DS0489000P,University of Maryland Police College Park,"Sideswipe, Opposite Direction",Local,No,No,No,No,PAINT BRANCH DR,95,STATE ROAD,No,TRUE,No,10/31/2024,10/31/2024,8,UMCP,6,16,3,No,,Point,8:45,2024,Thursday,12,Motor Vehicle In Transport,5,On Roadway,7,,,,,,9,Through Roadway,38.99564073,1,Daylight,10/31/2024,-76.93779598,E,20.63,F,N,No,,,5A25E365544CC42DDEEA95027E9B981A19A7298FD902E5DF46F3B4A48333FD4A,SR,1,No,,,,,1,Dry,,,No,,,,,,,2024,POINT (-76.937795984 38.995640725)