Crash_County_Description,Crash_Severity_Description,Reportnumber,Agencyname,CollisionImpact_Description,FunctionalClass_Description,ImpairedCrash,Large_Vehicle_Involved,Motorcycle_Crash,Non-Motorist_Crash,RoadName,Route_Number,RouteType_Description,Unrestrained_Occupants,WithinDateRange,Work_Zone_Related,Crashdate,LOD_Crash_Date,Crashhour,AgencyCode,CollisionImpact,Crash_County,Crash_Severity,Crash_Within_Interchange,CrashInterchangeApproaches,CrashPoint,Crashtime,CrashYear,Dayofweek,FirstHarmEvent,FirstHarmEvent_Description,FirstHarmLocation,FirstHarmLocation_Description,FunctionalClass,Geometry_Description,GovPropertyDamage,GovPropertyDamage_Description,IntersectingRoadName,Intersection_Geometry,JunctionRelated,JunctionRelated_Description,Latitude,Light,Light_Description,LOD_Date_Level,Longitude,MilepointDirection,MilepointDistance,MilepointUnits,NonTrafficFatal,OffRoad,OffroadLocation,OffroadLocation_Description,RoadID,RouteType,SchoolBusRelated,SchoolBusRelated_Description,SecondHarmEvent,SecondHarmEvent_Description,SecondHarmLocation,SecondHarmLocation_Description,Surface,Surface_Description,TrafficControl,Trafficcontrol_Description,Work_Zone_Crash,WZLawEnforcementPresent,WZLocation,WZLocation_Description,WZType,WZType_Description,WZWorkersPresent,year,geometry
Prince George's,Property Damage Crashes,DA43810009,Prince George's County Police,Single Vehicle,Principal Arterial – Other,No,No,No,Yes,,1,UNITED STATE ROUTE,Yes,TRUE,No,3/8/2024,3/8/2024,10,PGCOPD,101,16,3,No,,Point,10:25,2024,Friday,16,Pedalcycle,5,On Roadway,3,,,,,,9,Through Roadway,38.99565459,1,Daylight,3/8/2024,-76.93183996,W,15.41,F,N,No,,,257943D3DB65E8147D059469A57FC6EA2ED4807E68010F86760B0B43BBC589ED,US,1,No,,,,,1,Dry,,,No,,,,,,,2024,POINT (-76.931839956 38.995654586)
Prince George's,Property Damage Crashes,MSP744200NX,Maryland State Police,Angle,,No,No,No,No,,,,No,TRUE,No,10/31/2024,10/31/2024,13,MSP,1,16,3,,,Point,13:14,2024,Thursday,12,Motor Vehicle In Transport,2,In Parking Lane Or Zone,,,101,State,,,,,38.9958005,1,Daylight,10/31/2024,-76.932207,,,F,N,Yes,102,Parking Lot Way,,,1,No,,,,,,,,,No,,,,,,,2024,POINT (-76.93220700000001 38.9958005)
Prince George's,Property Damage Crashes,DS05310003,University of Maryland Police College Park,Unknown,,No,No,No,No,,,,No,TRUE,No,12/19/2024,12/19/2024,11,UMCP,99,16,3,,,Point,11:47,2024,Thursday,15,Parked Vehicle,2,In Parking Lane Or Zone,,,,,,,,,38.99582915,1,Daylight,12/19/2024,-76.94337512,,,F,N,Yes,100,Parking Stall,,,1,No,97,Not Applicable,,,,,,,No,,,,,,,2024,POINT (-76.94337512200001 38.995829149)
Prince George's,Property Damage Crashes,DA4151005B,Prince George's County Police,Front to Rear,Local,No,No,No,No,TERRAPIN TR,203,STATE ROAD,No,TRUE,No,11/6/2024,11/6/2024,14,PGCOPD,3,16,3,No,,Point,14:54,2024,Wednesday,12,Motor Vehicle In Transport,5,On Roadway,7,,,,,,9,Through Roadway,38.99587485,1,Daylight,11/6/2024,-76.94728859,S,19.16,F,N,No,,,2AC61AA0939698445B67A280DB36BD6D0A0D05A528CE8FE6871C0FC691BF591D,SR,1,No,,,,,1,Dry,,,No,,,,,,,2024,POINT (-76.947288591 38.995874847)
Prince George's,Property Damage Crashes,DA4268005V,Prince George's County Police,Single Vehicle,,No,No,No,No,,,,No,TRUE,No,7/28/2024,7/28/2024,19,PGCOPD,101,16,3,,,Point,19:05,2024,Sunday,13,Other Non-Fixed Object,99,Unknown,,,,,,,,,38.99607868,1,Daylight,7/28/2024,-76.93059589,,,F,N,Yes,102,Parking Lot Way,,,1,No,,,,,,,,,No,,,,,,,2024,POINT (-76.93059589000001 38.996078675)
Prince George's,Property Damage Crashes,MSP7395002S,Maryland State Police,"Sideswipe, Same Direction",Principal Arterial – Other,No,Yes,No,No,BALTIMORE AVE,1,UNITED STATE ROUTE,No,TRUE,No,1/18/2024,1/18/2024,10,MSP,7,16,3,No,,Point,10:45,2024,Thursday,12,Motor Vehicle In Transport,5,On Roadway,3,,101,State,,,6,Non-Junction,38.99626694,1,Daylight,1/18/2024,-76.9319291,S,62.34,F,N,No,,,4B12E6D944691A79736133A61E02F378073ADB84F51CF5E97C8DB83A7D25577A,US,1,No,97,Not Applicable,,,1,Dry,,,No,,,,,,,2024,POINT (-76.9319291 38.996266942)
Prince George's,Property Damage Crashes,DA3496001W,Prince George's County Police,Front to Rear,Principal Arterial – Other,No,No,No,No,,1,UNITED STATE ROUTE,No,TRUE,No,10/21/2024,10/21/2024,13,PGCOPD,3,16,3,No,,Point,13:37,2024,Monday,12,Motor Vehicle In Transport,5,On Roadway,3,,,,,,9,Through Roadway,38.99636995,1,Daylight,10/21/2024,-76.93176488,E,1.96,F,N,No,,,49D4B2100FA83F74DA578FD41B449D682573E8BE2369ACD8C8D4AAEAFBABDEDA,US,1,No,,,,,1,Dry,,,No,,,,,,,2024,POINT (-76.931764878 38.996369951)
Prince George's,Property Damage Crashes,DA42680069,Prince George's County Police,"Sideswipe, Opposite Direction",Principal Arterial – Other,No,No,Yes,No,BALTIMORE AVE,1,UNITED STATE ROUTE,No,TRUE,No,9/25/2024,9/25/2024,17,PGCOPD,6,16,3,No,,Point,17:51,2024,Wednesday,12,Motor Vehicle In Transport,5,On Roadway,3,,,,,,9,Through Roadway,38.99691599,1,Daylight,9/25/2024,-76.93159872,N,34.41,F,N,No,,,CCAB73E6BEF8466B44BEC7C561184C769AD4CAA10AFDBA7E6B4D3F56CFB09AE3,US,1,No,,,,,9,Wet,,,No,,,,,,,2024,POINT (-76.931598724 38.99691599)
Prince George's,Property Damage Crashes,DS0503000D,University of Maryland Police College Park,Front to Rear,,No,No,No,No,,,,No,TRUE,No,3/4/2024,3/4/2024,11,UMCP,3,16,3,,,Point,11:03,2024,Monday,12,Motor Vehicle In Transport,2,In Parking Lane Or Zone,,,101,State,,,,,38.99696997,1,Daylight,3/4/2024,-76.9217166,,,F,N,Yes,102,Parking Lot Way,,,1,No,15,Parked Vehicle,2,In Parking Lane Or Zone,,,,,No,,,,,,,2024,POINT (-76.921716601 38.996969972)
Prince George's,Property Damage Crashes,DA4069009J,Prince George's County Police,Single Vehicle,Principal Arterial – Other,No,No,No,No,BALTIMORE AVE,1,UNITED STATE ROUTE,No,TRUE,No,10/28/2024,10/28/2024,21,PGCOPD,101,16,3,No,,Point,21:59,2024,Monday,36,"Other Post, Pole, Or Support",7,"On Shoulder, Right Side",3,,,,,,9,Through Roadway,38.99710923,3,Dark - Lighted,10/28/2024,-76.93157921,W,24.61,F,N,No,,,F07C935934EA172F2B847311B5442CEFC5E635752C88715692BE7619387C1471,US,1,No,,,,,1,Dry,,,No,,,,,,,2024,POINT (-76.93157920900001 38.997109231)
Prince George's,Property Damage Crashes,DA418100DR,Prince George's County Police,Single Vehicle,,No,Yes,No,No,,,,No,TRUE,No,9/3/2024,9/3/2024,13,PGCOPD,101,16,3,,,Point,13:02,2024,Tuesday,35,"Other Fixed Object (wall, building, tunnel, etc.)",4,"Off-Roadway, Location Unknown",,,,,,,,,38.99712297,1,Daylight,9/3/2024,-76.9314517,,,F,N,Yes,102,Parking Lot Way,,,1,No,,,,,,,,,No,,,,,,,2024,POINT (-76.931451704 38.997122967)
Prince George's,Injury Crashes,DA3438001P,Prince George's County Police,"Sideswipe, Opposite Direction",,No,No,No,No,,,,No,TRUE,No,12/5/2024,12/5/2024,16,PGCOPD,6,16,2,,,Point,16:14,2024,Thursday,12,Motor Vehicle In Transport,2,In Parking Lane Or Zone,,,,,,,,,38.99727025,3,Dark - Lighted,12/5/2024,-76.92627312,,,F,N,Yes,102,Parking Lot Way,,,1,No,,,,,,,,,No,,,,,,,2024,POINT (-76.92627312400001 38.997270253)
Prince George's,Property Damage Crashes,DA401800C1,Prince George's County Police,Front to Rear,Major Collector,No,No,No,No,METZEROTT RD,230,COUNTY ROAD,No,TRUE,No,12/19/2024,12/19/2024,14,PGCOPD,3,16,3,No,,Point,14:55,2024,Thursday,12,Motor Vehicle In Transport,5,On Roadway,5,,,,,,6,Non-Junction,38.9973048,1,Daylight,12/19/2024,-76.935626,W,2521.53,F,N,No,,,D3A21F4D9EE31E7330B24614B5EE5CB940BE633C1F35B996203C31CC7830B759,CO,1,No,12,Motor Vehicle In Transport,5,On Roadway,1,Dry,,,No,,,,,,,2024,POINT (-76.935625999 38.997304796)
Prince George's,Property Damage Crashes,DS0415001R,University of Maryland Police College Park,"Sideswipe, Same Direction",Local,No,No,No,No,PAINT BRANCH DR,95,STATE ROAD,Yes,TRUE,No,5/20/2024,5/20/2024,16,UMCP,7,16,3,No,,Point,16:30,2024,Monday,12,Motor Vehicle In Transport,5,On Roadway,7,,,,,,6,Non-Junction,38.99731362,1,Daylight,5/20/2024,-76.93975913,E,10.44,F,N,No,,,A3F359C952320607DC573E3368AD5D44E545A11465C7A41A0EDEC149F8DE1E73,SR,1,No,12,Motor Vehicle In Transport,5,On Roadway,1,Dry,,,No,,,,,,,2024,POINT (-76.939759127 38.99731362)
Prince George's,Property Damage Crashes,DA418100CP,Prince George's County Police,Single Vehicle,Principal Arterial – Other,No,No,No,No,UNIVERSITY BLVD (WB/L),193,MARYLAND ROUTE,No,TRUE,No,3/23/2024,3/23/2024,2,PGCOPD,101,16,3,Yes,,Point,2:15,2024,Saturday,31,Guardrail End Terminal,9,Roadside,3,,101,State,,,9,Through Roadway,38.99753135,4,Dark - Not Lighted,3/23/2024,-76.94806066,E,26.39,F,N,No,,,CB1BAF54703EA3EB755AC538EEF9C744581C1D34F8794A47BF468FFF451FDEFE,MD,1,No,,,,,9,Wet,,,No,,,,,,,2024,POINT (-76.948060658 38.997531349)
Prince George's,Property Damage Crashes,DS0421002B,University of Maryland Police College Park,Unknown,,No,No,No,No,,,,No,TRUE,No,11/26/2024,11/26/2024,10,UMCP,99,16,3,,,Point,10:00,2024,Tuesday,13,Other Non-Fixed Object,99,Unknown,,,101,State,,,,,38.99764775,99,Unknown,11/26/2024,-76.921647,,,F,N,Yes,102,Parking Lot Way,,,1,No,97,Not Applicable,,,,,,,No,,,,,,,2024,POINT (-76.921647001 38.99764775)
Prince George's,Property Damage Crashes,DA3447003P,Prince George's County Police,"Sideswipe, Same Direction",Principal Arterial – Other,No,No,No,No,,1,UNITED STATE ROUTE,No,TRUE,No,4/28/2024,4/28/2024,17,PGCOPD,7,16,3,No,,Point,17:30,2024,Sunday,12,Motor Vehicle In Transport,5,On Roadway,3,,,,,,9,Through Roadway,38.99777083,1,Daylight,4/28/2024,-76.93157655,N,13.17,F,N,No,,,0299CB07225096FF1A7B9DB618BB5B5917031D2DB04B790326B7679EE9130427,US,1,No,,,,,1,Dry,,,No,,,,,,,2024,POINT (-76.93157654700001 38.997770833)
Prince George's,Property Damage Crashes,DA302000DS,Prince George's County Police,Single Vehicle,Principal Arterial – Other,No,No,No,No,,1,UNITED STATE ROUTE,No,TRUE,No,5/15/2024,5/15/2024,1,PGCOPD,101,16,3,No,,Point,1:43,2024,Wednesday,36,"Other Post, Pole, Or Support",5,On Roadway,3,,,,,,9,Through Roadway,38.99780864,4,Dark - Not Lighted,5/15/2024,-76.93150937,W,18.95,F,N,No,,,0299CB07225096FF1A7B9DB618BB5B5917031D2DB04B790326B7679EE9130427,US,1,No,,,,,9,Wet,,,No,,,,,,,2024,POINT (-76.931509369 38.997808636)
Prince George's,Property Damage Crashes,DS0242001R,University of Maryland Police College Park,Single Vehicle,Principal Arterial – Other,No,No,No,No,UNIVERSITY BLVD (WB/L),193,MARYLAND ROUTE,No,TRUE,No,3/19/2024,3/19/2024,13,UMCP,101,16,3,No,,Point,13:23,2024,Tuesday,32,Guardrail Face,7,"On Shoulder, Right Side",3,,101,State,,,6,Non-Junction,38.99792938,1,Daylight,3/19/2024,-76.94759022,E,35.04,F,N,No,,,2D65312A965F6E10BCB4484329641C00AFF47CC871B91095F33072A8D4CB5B5B,MD,1,No,97,Not Applicable,,,1,Dry,,,No,,,,,,,2024,POINT (-76.947590222 38.997929375)
Prince George's,Injury Crashes,DS0426001L,University of Maryland Police College Park,Single Vehicle,Local,No,No,No,Yes,PAINT BRANCH DR,95,STATE ROAD,No,TRUE,No,8/30/2024,8/30/2024,11,UMCP,101,16,2,No,,Point,11:45,2024,Friday,16,Pedalcycle,2,In Parking Lane Or Zone,7,,,,,,6,Non-Junction,38.99793069,1,Daylight,8/30/2024,-76.94057233,N,36.14,F,N,No,,,E4B8558ABE22A24AE98A2FF5F9C4B6C5FA9613BCB44C9C955AA4A68185F1CF87,SR,1,No,12,Motor Vehicle In Transport,2,In Parking Lane Or Zone,9,Wet,,,No,,,,,,,2024,POINT (-76.94057232599999 38.997930689)
Prince George's,Property Damage Crashes,DA4069008K,Prince George's County Police,"Sideswipe, Same Direction",Principal Arterial – Other,No,Yes,No,No,,1,UNITED STATE ROUTE,No,TRUE,Yes,2/11/2024,2/11/2024,16,PGCOPD,7,16,3,Yes,,Point,16:38,2024,Sunday,12,Motor Vehicle In Transport,5,On Roadway,3,,100,Local,,,1,Acceleration/Deceleration Lane,38.9980239,1,Daylight,2/11/2024,-76.93152988,N,28.88,F,N,No,,,37FDDD94F6F6B25000922BAFC8844ECA63C75188B8B1A225FE77B3E09DDCE90D,US,1,No,,,,,9,Wet,,,Yes,N,4,Activity Area,3,Work on Shoulder or Median,No,2024,POINT (-76.93152988200001 38.998023898)
Prince George's,Injury Crashes,DA40690090,Prince George's County Police,Single Vehicle,Local,No,No,No,No,RHODE ISLAND AVE,1070,MUNICIPAL ROAD,No,TRUE,No,6/2/2024,6/2/2024,5,PGCOPD,101,16,2,Yes,,Point,5:48,2024,Sunday,27,Curb,9,Roadside,7,,,,,,10,"Other Location Not Listed Above Within an Interchange Area (median,
shoulder and roadside)",38.99809843,1,Daylight,6/2/2024,-76.92579342,W,7.68,F,N,No,,,BDE06042B8B7F4AC9FF55621D15A22389FFD13EB12F8C149B09ECB139A2945B5,MU,1,No,,,,,1,Dry,,,No,,,,,,,2024,POINT (-76.92579341699999 38.99809843)
Prince George's,Property Damage Crashes,DA418100DK,Prince George's County Police,Single Vehicle,Local,No,No,No,No,49TH AVE #5,9495,MUNICIPAL ROAD,No,TRUE,No,8/10/2024,8/10/2024,18,PGCOPD,101,16,3,No,,Point,18:59,2024,Saturday,27,Curb,9,Roadside,7,,100,Local,,,9,Through Roadway,38.99810537,1,Daylight,8/10/2024,-76.92717682,N,20.05,F,N,No,,,190D7CA162C92702360530FBD0EA359FE8583FE4953F2D8668505CC89856E2B2,MU,1,No,30,Fence,4,"Off-Roadway, Location Unknown",1,Dry,,,No,,,,,,,2024,POINT (-76.927176823 38.998105369)
Prince George's,Property Damage Crashes,DA418100DL,Prince George's County Police,Front to Rear,Principal Arterial – Other,No,No,No,No,GREENBELT RD,430,MARYLAND ROUTE,No,TRUE,No,8/11/2024,8/11/2024,2,PGCOPD,3,16,3,No,,Point,2:27,2024,Sunday,12,Motor Vehicle In Transport,5,On Roadway,3,,,,,,9,Through Roadway,38.99810537,5,Dark - Unknown Lighting,8/11/2024,-76.92717682,N,37.02,F,N,No,,,2DC41A7CBC44DE3550B373A81EA914E028B068BF3F6C76B0A2D7DBD616614221,MD,1,No,12,Motor Vehicle In Transport,5,On Roadway,1,Dry,,,No,,,,,,,2024,POINT (-76.927176823 38.998105369)
Prince George's,Injury Crashes,DA44180007,Prince George's County Police,Other,Principal Arterial – Other,No,No,No,No,GREENBELT RD (WB/L),193,MARYLAND ROUTE,No,TRUE,No,12/24/2024,12/24/2024,9,PGCOPD,98,16,2,No,,Point,9:39,2024,Tuesday,12,Motor Vehicle In Transport,5,On Roadway,3,,,,,,6,Non-Junction,38.99812708,1,Daylight,12/24/2024,-76.92041509,E,14.88,F,N,No,,,DE1E623EF441A51BAA957104226C5E6CCFA5228DA1D153B48AF0EF621734A3F1,MD,1,No,,,,,6,Slush,,,No,,,,,,,2024,POINT (-76.920415093 38.99812708)
Prince George's,Injury Crashes,DA3965008K,Prince George's County Police,Front to Rear,Principal Arterial – Other,No,No,No,No,GREENBELT RD (WB/L),430,MARYLAND ROUTE,No,TRUE,No,12/8/2024,12/8/2024,19,PGCOPD,3,16,2,Yes,,Point,19:50,2024,Sunday,15,Parked Vehicle,7,"On Shoulder, Right Side",3,,,,,,9,Through Roadway,38.99816713,5,Dark - Unknown Lighting,12/8/2024,-76.92778378,E,35.13,F,N,No,,,601C2DF74CCB887E6EE51D85CB57F6703E9EDCA69B087735C778D48613501349,MD,1,No,,,,,1,Dry,,,No,,,,,,,2024,POINT (-76.92778377899999 38.998167126)
Prince George's,Property Damage Crashes,DA43870019,Prince George's County Police,Front to Rear,Local,No,No,No,No,NO NAME,193,MARYLAND ROUTE,No,TRUE,No,10/18/2024,10/18/2024,16,PGCOPD,3,16,3,No,,Point,16:45,2024,Friday,12,Motor Vehicle In Transport,5,On Roadway,7,,,,,,6,Non-Junction,38.99825559,1,Daylight,10/18/2024,-76.92915619,N,48.82,F,N,No,,,7AE44044EF1F6BC1751D206549CD1EC1BAF466670E00E24DFACB577AAD69091E,MD,1,No,,,,,1,Dry,,,No,,,,,,,2024,POINT (-76.929156193 38.998255594)
Prince George's,Property Damage Crashes,DA43870005,Prince George's County Police,Rear To Side,Principal Arterial – Other,No,No,No,No,UNIVERSITY BLVD,193,MARYLAND ROUTE,No,TRUE,No,2/9/2024,2/9/2024,6,PGCOPD,5,16,3,Yes,2,Point,6:26,2024,Friday,12,Motor Vehicle In Transport,5,On Roadway,3,Perpendicular,,,GREENBELT RD (WB/L),3,5,Intersection or Related,38.99828698,3,Dark - Lighted,2/9/2024,-76.92371165,E,0,F,N,No,,,BD7929A7A349E28DFAF8843C87D6FAD5A45A505ECC5FBB434A2618E8524B27A9,MD,1,No,,,,,1,Dry,1,Signalized,No,,,,,,,2024,POINT (-76.923711649 38.998286977)
Prince George's,Property Damage Crashes,DA42730042,Prince George's County Police,"Sideswipe, Opposite Direction",Principal Arterial – Other,No,No,No,No,GREENBELT RD (WB/L),430,MARYLAND ROUTE,No,TRUE,No,4/29/2024,4/29/2024,6,PGCOPD,6,16,3,No,,Point,6:01,2024,Monday,12,Motor Vehicle In Transport,5,On Roadway,3,,,,,,6,Non-Junction,38.99833861,1,Daylight,4/29/2024,-76.92362116,W,26.26,F,N,No,,,248C343F35A831E1DA8451A843257B413071F3BE220A638A2D384AFA6BC2377A,MD,1,No,12,Motor Vehicle In Transport,5,On Roadway,1,Dry,,,No,,,,,,,2024,POINT (-76.923621158 38.998338607)
Prince George's,Property Damage Crashes,DA4069009M,Prince George's County Police,Angle,Principal Arterial – Other,No,No,No,No,UNIVERSITY BLVD,193,MARYLAND ROUTE,No,TRUE,No,11/3/2024,11/3/2024,21,PGCOPD,1,16,3,Yes,2,Point,21:21,2024,Sunday,12,Motor Vehicle In Transport,5,On Roadway,3,Perpendicular,,,GREENBELT RD (WB/L),3,5,Intersection or Related,38.99834245,3,Dark - Lighted,11/3/2024,-76.92358508,S,0,F,N,No,,,BD7929A7A349E28DFAF8843C87D6FAD5A45A505ECC5FBB434A2618E8524B27A9,MD,1,No,,,,,1,Dry,1,Signalized,No,,,,,,,2024,POINT (-76.92358507599999 38.998342453)
Prince George's,Injury Crashes,DA3965008F,Prince George's County Police,Angle,Principal Arterial – Other,No,No,No,No,GREENBELT RD (WB/L),430,MARYLAND ROUTE,No,TRUE,No,10/17/2024,10/17/2024,0,PGCOPD,1,16,2,No,,Point,0:14,2024,Thursday,12,Motor Vehicle In Transport,5,On Roadway,3,,,,UNIVERSITY BLVD,,2,Crossover-Related,38.9983472,5,Dark - Unknown Lighting,10/17/2024,-76.92362973,E,15.93,F,N,No,,,3CC45579FB0C599B1F98BCCF5CA46A81EC0550ECD65722A7B3DDF01DDC4FBA0E,MD,1,No,,,,,1,Dry,,,No,,,,,,,2024,POINT (-76.923629725 38.998347195)
Prince George's,Property Damage Crashes,DA4069008P,Prince George's County Police,"Sideswipe, Same Direction",Major Collector,No,Yes,No,No,RHODE ISLAND AVE (NB/L),171,MUNICIPAL ROAD,No,TRUE,No,3/12/2024,3/12/2024,17,PGCOPD,7,16,3,Yes,,Point,17:18,2024,Tuesday,12,Motor Vehicle In Transport,5,On Roadway,5,,101,State,,,9,Through Roadway,38.99836469,1,Daylight,3/12/2024,-76.92547786,S,14.2,F,N,No,,,B7761124BDEEFD234991DC828CD5469EEAF3354A7B3123F34FAD787C091A3100,MU,1,No,,,,,1,Dry,,,No,,,,,,,2024,POINT (-76.925477859 38.998364691)
Prince George's,Property Damage Crashes,ZP05150005,Prince George's County Sheriff's Office,Front to Rear,Principal Arterial – Other,No,No,No,No,GREENBELT RD (WB/L),193,MARYLAND ROUTE,No,TRUE,No,2/7/2024,2/7/2024,21,PGCOSHERIFF,3,16,3,No,,Point,21:56,2024,Wednesday,12,Motor Vehicle In Transport,5,On Roadway,3,,,,,,99,Unknown,38.9984086,3,Dark - Lighted,2/7/2024,-76.92291396,S,43.77,F,N,No,,,2563BB17262CB260BE0843B1C2774FF0A4F6C4D7BBFD4B4DD477141E45C8034F,MD,1,No,,,,,1,Dry,,,No,,,,,,,2024,POINT (-76.922913956 38.998408601)
Prince George's,Property Damage Crashes,DA418600B2,Prince George's County Police,Front to Rear,Principal Arterial – Other,No,No,No,No,,1,UNITED STATE ROUTE,No,TRUE,No,9/17/2024,9/17/2024,16,PGCOPD,3,16,3,Yes,3,Point,16:51,2024,Tuesday,12,Motor Vehicle In Transport,5,On Roadway,3,Perpendicular,,,GREENBELT RD GREENBELT RD (WB/L),3,5,Intersection or Related,38.99843192,1,Daylight,9/17/2024,-76.93150057,N,0,F,N,No,,,E4E880BA64776B3268FA658218829B558DD485C7CFD612BF839C3ADA51CDBF85,US,1,No,,,,,9,Wet,1,Signalized,No,,,,,,,2024,POINT (-76.93150057 38.998431918)
Prince George's,Property Damage Crashes,DA4066006L,Prince George's County Police,Front to Rear,Principal Arterial – Other,No,No,No,No,BALTIMORE AVE,1,UNITED STATE ROUTE,No,TRUE,No,10/23/2024,10/23/2024,21,PGCOPD,3,16,3,Yes,,Point,21:00,2024,Wednesday,12,Motor Vehicle In Transport,5,On Roadway,3,,,,,,9,Through Roadway,38.99846465,3,Dark - Lighted,10/23/2024,-76.9314636,S,10.56,F,N,No,,,E75A8F75A997EC315D59C7C6C8C5FAD6F4977B39BC466FF11D0826A83B957D5D,US,1,No,,,,,1,Dry,,,No,,,,,,,2024,POINT (-76.93146360199999 38.998464654)
Prince George's,Property Damage Crashes,DA40830065,Prince George's County Police,"Sideswipe, Same Direction",Minor Arterial,No,No,No,No,ADELPHI RD (NB/L),232,COUNTY ROAD,No,TRUE,No,11/4/2024,11/4/2024,19,PGCOPD,7,16,3,No,,Point,19:35,2024,Monday,12,Motor Vehicle In Transport,5,On Roadway,4,,,,,,6,Non-Junction,38.99851072,3,Dark - Lighted,11/4/2024,-76.96200871,S,16.79,F,N,No,,,4161EB050C00110BE7D11FF286324F0607B8EC1A447BA0792C138B79CA77B875,CO,1,No,,,,,1,Dry,,,No,,,,,,,2024,POINT (-76.962008713 38.998510724)
Prince George's,Property Damage Crashes,DA418800DP,Prince George's County Police,Angle,Principal Arterial – Other,No,No,No,No,GREENBELT RD (WB/L),430,MARYLAND ROUTE,No,TRUE,No,4/29/2024,4/29/2024,23,PGCOPD,1,16,3,No,3,Point,23:17,2024,Monday,12,Motor Vehicle In Transport,5,On Roadway,3,Perpendicular,,,BALTIMORE AVE,3,5,Intersection or Related,38.9985109,3,Dark - Lighted,4/29/2024,-76.93146869,N,0,F,N,No,,,743553DAF46161C063B52E8B7968D88A71CE6D70A62E4670406E8D1261D3E07A,MD,1,No,,,,,1,Dry,1,Signalized,No,,,,,,,2024,POINT (-76.931468688 38.9985109)
Prince George's,Property Damage Crashes,DA3272000D,Prince George's County Police,"Sideswipe, Same Direction",Principal Arterial – Other,No,No,No,No,,1,UNITED STATE ROUTE,No,TRUE,No,5/19/2024,5/19/2024,18,PGCOPD,7,16,3,No,2,Point,18:13,2024,Sunday,12,Motor Vehicle In Transport,5,On Roadway,3,Perpendicular,,,GREENBELT RD GREENBELT RD (WB/L),3,5,Intersection or Related,38.99851895,1,Daylight,5/19/2024,-76.9314839,N,0,F,N,No,,,E4E880BA64776B3268FA658218829B558DD485C7CFD612BF839C3ADA51CDBF85,US,1,No,,,,,1,Dry,1,Signalized,No,,,,,,,2024,POINT (-76.93148389700001 38.998518948)
Prince George's,Property Damage Crashes,DA405100CW,Prince George's County Police,Angle,Principal Arterial – Other,No,No,No,No,BALTIMORE AVE,1,UNITED STATE ROUTE,No,TRUE,No,7/5/2024,7/5/2024,18,PGCOPD,1,16,3,Yes,,Point,18:33,2024,Friday,12,Motor Vehicle In Transport,5,On Roadway,3,,,,,,9,Through Roadway,38.99863442,1,Daylight,7/5/2024,-76.93143401,S,16.92,F,N,No,,,0DF043E01090271C48EDF7B9D0E76527D85FC93157AF49AB87E8D72A1FB4EF76,US,1,No,,,,,1,Dry,,,No,,,,,,,2024,POINT (-76.93143401099999 38.998634415)
Prince George's,Property Damage Crashes,DS0283000Y,University of Maryland Police College Park,Single Vehicle,,No,No,No,No,,,,Yes,TRUE,No,6/22/2024,6/22/2024,1,UMCP,101,16,3,,,Point,1:22,2024,Saturday,35,"Other Fixed Object (wall, building, tunnel, etc.)",4,"Off-Roadway, Location Unknown",,,,,,,,,38.99864031,3,Dark - Lighted,6/22/2024,-76.93158545,,,F,N,Yes,106,Driveway,,,1,No,,,,,,,,,No,,,,,,,2024,POINT (-76.931585449 38.998640312)
Prince George's,Property Damage Crashes,DA3495005G,Prince George's County Police,Rear To Rear,,No,No,No,No,,,,No,TRUE,No,1/9/2024,1/9/2024,17,PGCOPD,4,16,3,,,Point,17:17,2024,Tuesday,12,Motor Vehicle In Transport,4,"Off-Roadway, Location Unknown",,,,,,,,,38.9987195,98,Other,1/9/2024,-76.92755071,,,F,N,Yes,100,Parking Stall,,,1,No,97,Not Applicable,,,,,,,No,,,,,,,2024,POINT (-76.927550705 38.998719503)
Prince George's,Property Damage Crashes,DA4193007N,Prince George's County Police,Front to Rear,Principal Arterial – Other,No,No,No,No,UNIVERSITY BLVD (WB/L),193,MARYLAND ROUTE,No,TRUE,No,12/1/2024,12/1/2024,12,PGCOPD,3,16,3,No,,Point,12:11,2024,Sunday,12,Motor Vehicle In Transport,5,On Roadway,3,,,,,,6,Non-Junction,38.99875162,1,Daylight,12/1/2024,-76.92433583,S,11.91,F,N,No,,,A4577B18621A98684A3E380275468A28445465B1354D623C07D850930673E31E,MD,1,No,,,,,1,Dry,,,No,,,,,,,2024,POINT (-76.924335825 38.998751618)