Crash_County_Description,Crash_Severity_Description,Reportnumber,Agencyname,CollisionImpact_Description,FunctionalClass_Description,ImpairedCrash,Large_Vehicle_Involved,Motorcycle_Crash,Non-Motorist_Crash,RoadName,Route_Number,RouteType_Description,Unrestrained_Occupants,WithinDateRange,Work_Zone_Related,Crashdate,LOD_Crash_Date,Crashhour,AgencyCode,CollisionImpact,Crash_County,Crash_Severity,Crash_Within_Interchange,CrashInterchangeApproaches,CrashPoint,Crashtime,CrashYear,Dayofweek,FirstHarmEvent,FirstHarmEvent_Description,FirstHarmLocation,FirstHarmLocation_Description,FunctionalClass,Geometry_Description,GovPropertyDamage,GovPropertyDamage_Description,IntersectingRoadName,Intersection_Geometry,JunctionRelated,JunctionRelated_Description,Latitude,Light,Light_Description,LOD_Date_Level,Longitude,MilepointDirection,MilepointDistance,MilepointUnits,NonTrafficFatal,OffRoad,OffroadLocation,OffroadLocation_Description,RoadID,RouteType,SchoolBusRelated,SchoolBusRelated_Description,SecondHarmEvent,SecondHarmEvent_Description,SecondHarmLocation,SecondHarmLocation_Description,Surface,Surface_Description,TrafficControl,Trafficcontrol_Description,Work_Zone_Crash,WZLawEnforcementPresent,WZLocation,WZLocation_Description,WZType,WZType_Description,WZWorkersPresent,year,geometry
Prince George's,Property Damage Crashes,DA4273003S,Prince George's County Police,Single Vehicle,Principal Arterial – Other,No,No,No,No,,1,UNITED STATE ROUTE,Yes,TRUE,No,2/11/2024,2/11/2024,4,PGCOPD,101,16,3,No,,Point,4:42,2024,Sunday,13,Other Non-Fixed Object,99,Unknown,3,,,,,,99,Unknown,38.99875639,5,Dark - Unknown Lighting,2/11/2024,-76.93139971,W,13.67,F,N,No,,,F0BC58190870780F287CC2BA4732C17BDCB50A07F3D1574E8EAA254083085992,US,1,No,97,Not Applicable,,,1,Dry,,,No,,,,,,,2024,POINT (-76.93139970999999 38.99875639)
Prince George's,Property Damage Crashes,DA418600B6,Prince George's County Police,"Sideswipe, Opposite Direction",,No,No,No,No,,293,SPUR,No,TRUE,No,10/20/2024,10/20/2024,1,PGCOPD,6,16,3,No,,Point,1:28,2024,Sunday,12,Motor Vehicle In Transport,5,On Roadway,,,,,,,6,Non-Junction,38.99876827,3,Dark - Lighted,10/20/2024,-76.93132439,S,38,F,N,No,,,AFC6B36E61924275DEBA51BF5DAC4A2E2065E509C7E3F9E0AF44BFA7CB5D6650,SP,1,No,,,,,1,Dry,,,No,,,,,,,2024,POINT (-76.931324386 38.998768265)
Prince George's,Property Damage Crashes,DA2910002R,Prince George's County Police,"Sideswipe, Same Direction",Principal Arterial – Other,Yes,No,No,No,UNIVERSITY BLVD (WB/L),193,MARYLAND ROUTE,Yes,TRUE,No,11/27/2024,11/27/2024,20,PGCOPD,7,16,3,No,,Point,20:11,2024,Wednesday,12,Motor Vehicle In Transport,5,On Roadway,3,,,,,,9,Through Roadway,38.99891728,3,Dark - Lighted,11/27/2024,-76.92471179,S,18.31,F,N,No,,,983EF86F8C3F22ACA9B13A757B79C16E1B51A1C5396E57E5AD1C470F66B9C058,MD,1,No,12,Motor Vehicle In Transport,5,On Roadway,1,Dry,,,No,,,,,,,2024,POINT (-76.924711794 38.998917281)
Prince George's,Property Damage Crashes,DA40500062,Prince George's County Police,Front to Rear,Principal Arterial – Other,No,No,No,No,UNIVERSITY BLVD (WB/L),193,MARYLAND ROUTE,No,TRUE,No,8/3/2024,8/3/2024,13,PGCOPD,3,16,3,No,,Point,13:40,2024,Saturday,12,Motor Vehicle In Transport,5,On Roadway,3,,,,,,9,Through Roadway,38.99892773,1,Daylight,8/3/2024,-76.92470826,W,39.95,F,N,No,,,A433129B42660FACD841735E8AE3B983E542AE2A29F79F8FDE6BF10114540149,MD,1,No,,,,,1,Dry,,,No,,,,,,,2024,POINT (-76.924708262 38.998927728)
Prince George's,Property Damage Crashes,DA380500CT,Prince George's County Police,Front to Front,Major Collector,No,No,No,No,RHODE ISLAND AVE (NB/L),171,MUNICIPAL ROAD,No,TRUE,No,3/14/2024,3/14/2024,19,PGCOPD,2,16,3,Yes,,Point,19:40,2024,Thursday,12,Motor Vehicle In Transport,5,On Roadway,5,,,,,,2,Crossover-Related,38.9989859,101,Dusk,3/14/2024,-76.92547255,E,47.91,F,N,No,,,72CF2795B08E567A0CE557B75DAE77F450CF74CE38D708C6A1A2C074AAB52C49,MU,1,No,12,Motor Vehicle In Transport,5,On Roadway,1,Dry,,,No,,,,,,,2024,POINT (-76.92547254599999 38.998985901)
Prince George's,Property Damage Crashes,DA43320026,Prince George's County Police,Front to Rear,Principal Arterial – Other,No,Yes,No,No,UNIVERSITY BLVD (WB/L),193,MARYLAND ROUTE,No,TRUE,No,6/13/2024,6/13/2024,7,PGCOPD,3,16,3,No,,Point,7:00,2024,Thursday,12,Motor Vehicle In Transport,5,On Roadway,3,,,,,,6,Non-Junction,38.99903978,1,Daylight,6/13/2024,-76.92498959,W,6.1,F,N,No,,,06EF8ACF74763B8A12BCB593D14C8E917515F8C40BB8FE29BA00B2A1B235C892,MD,2,"Yes, School Bus Directly Involved",,,,,1,Dry,,,No,,,,,,,2024,POINT (-76.924989594 38.999039784)
Prince George's,Property Damage Crashes,DA34470049,Prince George's County Police,Single Vehicle,,No,Yes,No,No,,2231,PRIVATE ROAD,No,TRUE,No,10/6/2024,10/6/2024,16,PGCOPD,101,16,3,No,,Point,16:30,2024,Sunday,35,"Other Fixed Object (wall, building, tunnel, etc.)",99,Unknown,,,100,Local,,,6,Non-Junction,38.99904697,1,Daylight,10/6/2024,-76.9267465,N,36.43,F,N,No,,,0E206E2774D93A62F18EA3936AEBFA6DF5F271D31D0840038F1026E5B1667BA6,PV,1,No,,,,,1,Dry,,,No,,,,,,,2024,POINT (-76.926746503 38.999046968)
Prince George's,Property Damage Crashes,DA418600B8,Prince George's County Police,"Sideswipe, Same Direction",Principal Arterial – Other,No,No,No,No,UNIVERSITY BLVD (WB/L),193,MARYLAND ROUTE,No,TRUE,No,10/23/2024,10/23/2024,21,PGCOPD,7,16,3,No,,Point,21:52,2024,Wednesday,12,Motor Vehicle In Transport,5,On Roadway,3,,,,,,6,Non-Junction,38.99906355,3,Dark - Lighted,10/23/2024,-76.92496152,W,16.29,F,N,No,,,06EF8ACF74763B8A12BCB593D14C8E917515F8C40BB8FE29BA00B2A1B235C892,MD,1,No,,,,,1,Dry,,,No,,,,,,,2024,POINT (-76.92496151500001 38.999063548)
Prince George's,Property Damage Crashes,DA418100DH,Prince George's County Police,Other,Major Collector,No,No,Yes,No,RHODE ISLAND AVE (NB/L),171,MUNICIPAL ROAD,Yes,TRUE,No,7/27/2024,7/27/2024,19,PGCOPD,98,16,3,No,4,Point,19:40,2024,Saturday,12,Motor Vehicle In Transport,5,On Roadway,5,Perpendicular,,,UNIVERSITY BLVD (WB/L),3,5,Intersection or Related,38.99911584,1,Daylight,7/27/2024,-76.92530801,N,0,F,N,No,,,E8D5C4955D23E76ABD0A22A16DD9702B7AFD90D5F71A15371D3564D01EB38B7E,MU,1,No,12,Motor Vehicle In Transport,5,On Roadway,1,Dry,1,Signalized,No,,,,,,,2024,POINT (-76.92530800599999 38.999115842)
Prince George's,Property Damage Crashes,DA394600C9,Prince George's County Police,Front to Rear,Minor Arterial,No,No,No,No,ADELPHI RD,232,COUNTY ROAD,No,TRUE,Yes,8/16/2024,8/16/2024,9,PGCOPD,3,16,3,No,,Point,9:10,2024,Friday,12,Motor Vehicle In Transport,5,On Roadway,4,,,,,,6,Non-Junction,38.99912085,1,Daylight,8/16/2024,-76.96253779,N,12.63,F,N,No,,,E1A150DBCB1719376B6C1CD34D114709820F1D77644D87E8A901E6C96F27244E,CO,1,No,,,,,1,Dry,,,Yes,N,2,Advance Warning Area,2,Lane Shift/Crossover,Yes,2024,POINT (-76.962537789 38.999120853)
Prince George's,Property Damage Crashes,DA4069009W,Prince George's County Police,Angle,Local,No,No,No,No,BRANCHVILLE RD,150,MUNICIPAL ROAD,No,TRUE,No,12/27/2024,12/27/2024,18,PGCOPD,1,16,3,Yes,2,Point,18:50,2024,Friday,12,Motor Vehicle In Transport,5,On Roadway,7,Angled/Skewed,,,NO NAME,1,5,Intersection or Related,38.99917182,3,Dark - Lighted,12/27/2024,-76.92928234,W,0,F,N,No,,,BE8E42FDBD69B51F621E3965B7D4BADE9EFB8ACDADCB8A5AF303587FE12FD3D7,MU,1,No,,,,,1,Dry,3,Stop - Partial,No,,,,,,,2024,POINT (-76.929282341 38.999171824)
Prince George's,Property Damage Crashes,DA42350075,Prince George's County Police,"Sideswipe, Same Direction",Minor Arterial,No,Yes,No,No,ADELPHI RD,232,COUNTY ROAD,Yes,TRUE,No,4/15/2024,4/15/2024,18,PGCOPD,7,16,3,No,,Point,18:00,2024,Monday,12,Motor Vehicle In Transport,5,On Roadway,4,,,,,,9,Through Roadway,38.99918045,1,Daylight,4/15/2024,-76.96255346,S,14.62,F,N,No,,,E1A150DBCB1719376B6C1CD34D114709820F1D77644D87E8A901E6C96F27244E,CO,1,No,,,,,1,Dry,,,No,,,,,,,2024,POINT (-76.962553457 38.99918045)
Prince George's,Property Damage Crashes,DA3496001V,Prince George's County Police,Front to Rear,Principal Arterial – Other,No,No,No,No,UNIVERSITY BLVD (WB/L),193,MARYLAND ROUTE,No,TRUE,No,9/28/2024,9/28/2024,19,PGCOPD,3,16,3,No,,Point,19:48,2024,Saturday,12,Motor Vehicle In Transport,5,On Roadway,3,,,,,,6,Non-Junction,38.99920023,1,Daylight,9/28/2024,-76.92529204,S,42.49,F,N,No,,,A6556F6DBFB9E46D2A89428C03BF261783F81527F69F0B9BE6CAC0E971477646,MD,1,No,,,,,1,Dry,,,No,,,,,,,2024,POINT (-76.92529203799999 38.999200226)
Prince George's,Injury Crashes,DA418100D7,Prince George's County Police,Other,Principal Arterial – Other,No,No,No,No,UNIVERSITY BLVD (WB/L),193,MARYLAND ROUTE,No,TRUE,No,6/11/2024,6/11/2024,18,PGCOPD,98,16,2,No,4,Point,18:03,2024,Tuesday,12,Motor Vehicle In Transport,5,On Roadway,3,Perpendicular,,,RHODE ISLAND AVE,3,5,Intersection or Related,38.99921106,1,Daylight,6/11/2024,-76.92538442,N,0,F,N,No,,,8A8778DA4E9333FC81AD5D40FFD74A294B3BFA90C6338F4D6E0B13BA7CCAE000,MD,1,No,12,Motor Vehicle In Transport,5,On Roadway,1,Dry,1,Signalized,No,,,,,,,2024,POINT (-76.92538442199999 38.999211056)
Prince George's,Property Damage Crashes,DA4268006M,Prince George's County Police,"Sideswipe, Opposite Direction",Local,No,No,No,No,51ST AVE,9510,MUNICIPAL ROAD,No,TRUE,No,11/12/2024,11/12/2024,15,PGCOPD,6,16,3,Yes,,Point,15:51,2024,Tuesday,15,Parked Vehicle,5,On Roadway,7,,,,,,9,Through Roadway,38.99924004,1,Daylight,11/12/2024,-76.92188911,S,15.36,F,N,No,,,7D6F9C407BD1208660CFD7C50D5C03DE935F52CC026A941A90186CDED72E13C8,MU,1,No,,,,,1,Dry,,,No,,,,,,,2024,POINT (-76.921889114 38.999240041)
Prince George's,Property Damage Crashes,DA40690094,Prince George's County Police,"Sideswipe, Opposite Direction",Principal Arterial – Other,No,No,No,No,UNIVERSITY BLVD (WB/L),193,MARYLAND ROUTE,No,TRUE,No,7/3/2024,7/3/2024,22,PGCOPD,6,16,3,Yes,2,Point,22:42,2024,Wednesday,12,Motor Vehicle In Transport,5,On Roadway,3,Angled/Skewed,,,RHODE ISLAND AVE,1,5,Intersection or Related,38.9992682,3,Dark - Lighted,7/3/2024,-76.92540123,W,0,F,N,No,,,8A8778DA4E9333FC81AD5D40FFD74A294B3BFA90C6338F4D6E0B13BA7CCAE000,MD,1,No,,,,,1,Dry,1,Signalized,No,,,,,,,2024,POINT (-76.925401228 38.999268203)
Prince George's,Property Damage Crashes,DA3126000P,Prince George's County Police,Front to Rear,Principal Arterial – Other,No,Yes,No,No,UNIVERSITY BLVD (WB/L),193,MARYLAND ROUTE,No,TRUE,No,2/12/2024,2/12/2024,15,PGCOPD,3,16,3,Yes,,Point,15:30,2024,Monday,12,Motor Vehicle In Transport,5,On Roadway,3,,100,Local,RHODE ISLAND AVE,,1,Acceleration/Deceleration Lane,38.99927032,1,Daylight,2/12/2024,-76.92542739,S,8.35,F,N,No,,,8A8778DA4E9333FC81AD5D40FFD74A294B3BFA90C6338F4D6E0B13BA7CCAE000,MD,2,"Yes, School Bus Directly Involved",12,Motor Vehicle In Transport,99,Unknown,9,Wet,,,No,,,,,,,2024,POINT (-76.92542739300001 38.999270322)
Prince George's,Property Damage Crashes,DA302000DX,Prince George's County Police,Front to Front,Principal Arterial – Other,No,Yes,No,No,BALTIMORE AVE,1,UNITED STATE ROUTE,No,TRUE,No,7/26/2024,7/26/2024,16,PGCOPD,2,16,3,No,,Point,16:34,2024,Friday,12,Motor Vehicle In Transport,5,On Roadway,3,,,,,,6,Non-Junction,38.999444,1,Daylight,7/26/2024,-76.93136948,S,15.44,F,N,No,,,27840035AAEBCDAC697E96336005C8CFFBA2EEB6A875126E1D387D17FD25CB7F,US,1,No,,,,,1,Dry,,,No,,,,,,,2024,POINT (-76.93136948199999 38.999443997)
Prince George's,Property Damage Crashes,DA4293002W,Prince George's County Police,Front to Rear,Principal Arterial – Other,No,No,No,No,UNIVERSITY BLVD (WB/L),193,MARYLAND ROUTE,No,TRUE,No,5/8/2024,5/8/2024,16,PGCOPD,3,16,3,No,,Point,16:05,2024,Wednesday,12,Motor Vehicle In Transport,5,On Roadway,3,,,,,,6,Non-Junction,39.00007087,1,Daylight,5/8/2024,-76.92688056,W,103.41,F,N,No,,,C9495B39FA3002415CA4423B024EE3D2A777F16B56A219FB7C117E472F09E848,MD,1,No,,,,,1,Dry,,,No,,,,,,,2024,POINT (-76.926880556 39.000070865)
Prince George's,Injury Crashes,DS02420021,University of Maryland Police College Park,Single Vehicle,,No,No,No,No,,,,Yes,TRUE,No,9/19/2024,9/19/2024,9,UMCP,101,16,2,,,Point,9:49,2024,Thursday,7,Overturn/Rollover,4,"Off-Roadway, Location Unknown",,,101,State,,,,,39.00010649,1,Daylight,9/19/2024,-76.95749603,,,F,N,Yes,105,Dirt Road/Trail,,,1,No,2,Fell Jumped from Motor Vehicle,4,"Off-Roadway, Location Unknown",,,,,No,,,,,,,2024,POINT (-76.957496027 39.000106492)
Prince George's,Property Damage Crashes,DA4050005Q,Prince George's County Police,Angle,Principal Arterial – Other,No,No,No,No,,1,UNITED STATE ROUTE,No,TRUE,No,3/26/2024,3/26/2024,21,PGCOPD,1,16,3,No,,Point,21:37,2024,Tuesday,12,Motor Vehicle In Transport,5,On Roadway,3,,,,,,6,Non-Junction,39.00017321,3,Dark - Lighted,3/26/2024,-76.93125149,N,27.65,F,N,No,,,F0FE07B81BF1865FA2F6E6F4788E703D2D9E79D667BD9DC6C881A041F897EFBF,US,1,No,,,,,9,Wet,,,No,,,,,,,2024,POINT (-76.93125149399999 39.000173214)
Prince George's,Property Damage Crashes,DA418600B1,Prince George's County Police,"Sideswipe, Opposite Direction",,No,No,No,No,,541,PRIVATE ROAD,No,TRUE,No,8/24/2024,8/24/2024,19,PGCOPD,6,16,3,Yes,2,Point,19:26,2024,Saturday,12,Motor Vehicle In Transport,5,On Roadway,,Angled/Skewed,,,RHODE ISLAND AVE SERVICE RD,1,5,Intersection or Related,39.00019592,1,Daylight,8/24/2024,-76.92521175,N,0,F,N,No,,,ED0F0DC22FD9417FFDC8039315CAFF8DEC44DA65198CE2B1EE90D91E8374EE0A,PV,1,No,,,,,1,Dry,2,Stop - All Way,No,,,,,,,2024,POINT (-76.925211746 39.000195922)
Prince George's,Property Damage Crashes,DA43370021,Prince George's County Police,Single Vehicle,Minor Arterial,No,No,No,No,ADELPHI RD,232,COUNTY ROAD,No,TRUE,No,5/11/2024,5/11/2024,14,PGCOPD,101,16,3,No,,Point,14:30,2024,Saturday,40,Tree (standing),3,Median,4,,,,,,6,Non-Junction,39.00039424,1,Daylight,5/11/2024,-76.9635172,W,19.31,F,N,No,,,0A40647D6B7858F521A8FBE16155B9469A9A0D650139589779D9278E5D0FB2E5,CO,1,No,,,,,1,Dry,,,No,,,,,,,2024,POINT (-76.963517204 39.000394242)
Prince George's,Property Damage Crashes,DA4069009Q,Prince George's County Police,Angle,,No,Yes,No,No,LOCUST SPRING RD,670,LOCAL ROAD,No,TRUE,No,11/21/2024,11/21/2024,15,PGCOPD,1,16,3,Yes,,Point,15:36,2024,Thursday,12,Motor Vehicle In Transport,5,On Roadway,,,,,RHODE ISLAND AVE RHODE ISLAND AVE (NB/L),,9,Through Roadway,39.00053088,1,Daylight,11/21/2024,-76.92501694,N,17.14,F,N,No,,,32A781BB6A9C71E20E829A2883D4C5B7815E74B2275EDB4755C0D1FBDB787312,LL,2,"Yes, School Bus Directly Involved",,,,,1,Dry,,,No,,,,,,,2024,POINT (-76.925016941 39.000530879)
Prince George's,Property Damage Crashes,DA418800DK,Prince George's County Police,Front to Rear,,No,Yes,No,No,,,,No,TRUE,No,4/15/2024,4/15/2024,14,PGCOPD,3,16,3,,,Point,14:10,2024,Monday,15,Parked Vehicle,2,In Parking Lane Or Zone,,,,,,,,,39.00060093,1,Daylight,4/15/2024,-76.92057087,,,F,N,Yes,100,Parking Stall,,,1,No,,,,,,,,,No,,,,,,,2024,POINT (-76.920570873 39.000600934)
Prince George's,Injury Crashes,DA4069009H,Prince George's County Police,Single Vehicle,Local,No,No,No,No,NO NAME,193,MARYLAND ROUTE,No,TRUE,No,10/19/2024,10/19/2024,2,PGCOPD,101,16,2,No,,Point,2:05,2024,Saturday,32,Guardrail Face,9,Roadside,7,,,,UNIVERSITY BLVD,,9,Through Roadway,39.00067559,4,Dark - Not Lighted,10/19/2024,-76.92871917,N,22.09,F,N,No,,,57F320CEDC2AF59FC1E25BD046B398AB1DB5C96BB0B29F9674F737F2ACBA9836,MD,1,No,,,,,1,Dry,,,No,,,,,,,2024,POINT (-76.928719172 39.000675593)
Prince George's,Injury Crashes,DA4268006C,Prince George's County Police,Single Vehicle,Principal Arterial – Other,No,No,No,No,UNIVERSITY BLVD,193,MARYLAND ROUTE,No,TRUE,No,9/27/2024,9/27/2024,1,PGCOPD,101,16,2,No,,Point,1:50,2024,Friday,32,Guardrail Face,9,Roadside,3,,,,NO NAME,,9,Through Roadway,39.00067852,3,Dark - Lighted,9/27/2024,-76.9287742,E,35.2,F,N,No,,,148419F5667BC4A09B865FF7E9E8715F0B71BC656814DFDE725C9DC493DDF7B5,MD,1,No,,,,,1,Dry,,,No,,,,,,,2024,POINT (-76.92877420400001 39.000678517)
Prince George's,Property Damage Crashes,DA41610069,Prince George's County Police,Front to Rear,Local,No,Yes,No,No,NO NAME,193,MARYLAND ROUTE,Yes,TRUE,No,4/25/2024,4/25/2024,18,PGCOPD,3,16,3,No,,Point,18:00,2024,Thursday,12,Motor Vehicle In Transport,5,On Roadway,7,,,,UNIVERSITY BLVD,,6,Non-Junction,39.00068385,1,Daylight,4/25/2024,-76.92869317,N,14.66,F,N,No,,,57F320CEDC2AF59FC1E25BD046B398AB1DB5C96BB0B29F9674F737F2ACBA9836,MD,2,"Yes, School Bus Directly Involved",,,,,1,Dry,,,No,,,,,,,2024,POINT (-76.928693172 39.000683848)
Prince George's,Property Damage Crashes,DA3447003J,Prince George's County Police,Front to Rear,Principal Arterial – Other,No,Yes,No,No,RAMP 6 FR MD 193 EB TO US 1 SB,1,RAMP,No,TRUE,No,3/22/2024,3/22/2024,8,PGCOPD,3,16,3,Yes,,Point,8:41,2024,Friday,12,Motor Vehicle In Transport,99,Unknown,3,,,,,,4,Entrance/Exit Ramp or Related,39.00076397,1,Daylight,3/22/2024,-76.93159139,S,27.97,F,N,No,,,D63D4330D45D257C40E13388EAE20ABE28CF72F08C11188313997274E97D1B1B,RP,2,"Yes, School Bus Directly Involved",,,,,1,Dry,,,No,,,,,,,2024,POINT (-76.93159138599999 39.000763966)
Prince George's,Property Damage Crashes,DA4069008W,Prince George's County Police,"Sideswipe, Opposite Direction",Local,No,No,No,No,BOTELER LA,205,STATE ROAD,No,TRUE,No,5/1/2024,5/1/2024,23,PGCOPD,6,16,3,Yes,2,Point,23:15,2024,Wednesday,12,Motor Vehicle In Transport,5,On Roadway,7,Perpendicular,,,UNIVERSITY BLVD (WB/L),3,5,Intersection or Related,39.00085759,4,Dark - Not Lighted,5/1/2024,-76.94129609,N,0,F,N,No,,,E8F947ABCC88590DFE861545C3E38B3C2DF19EE29A50D69332D8C152D9F1CD87,SR,1,No,,,,,1,Dry,4,Yield,No,,,,,,,2024,POINT (-76.941296085 39.000857592)
Prince George's,Property Damage Crashes,DS04620015,University of Maryland Police College Park,"Sideswipe, Same Direction",Local,No,No,No,No,BOTELER LA,205,STATE ROAD,No,TRUE,No,10/19/2024,10/19/2024,16,UMCP,7,16,3,No,3,Point,16:30,2024,Saturday,12,Motor Vehicle In Transport,5,On Roadway,7,Perpendicular,,,UNIVERSITY BLVD (WB/L),3,5,Intersection or Related,39.0008868,1,Daylight,10/19/2024,-76.94128825,N,0,F,N,No,,,E8F947ABCC88590DFE861545C3E38B3C2DF19EE29A50D69332D8C152D9F1CD87,SR,1,No,,,,,1,Dry,4,Yield,No,,,,,,,2024,POINT (-76.94128825 39.0008868)
Prince George's,Property Damage Crashes,DA418100CZ,Prince George's County Police,Other,Local,No,No,No,No,BOTELER LA,205,STATE ROAD,No,TRUE,No,5/4/2024,5/4/2024,13,PGCOPD,98,16,3,No,,Point,13:05,2024,Saturday,12,Motor Vehicle In Transport,5,On Roadway,7,,,,UNIVERSITY BLVD (WB/L),,9,Through Roadway,39.00097733,1,Daylight,5/4/2024,-76.94127821,S,16.62,F,N,No,,,E8F947ABCC88590DFE861545C3E38B3C2DF19EE29A50D69332D8C152D9F1CD87,SR,1,No,12,Motor Vehicle In Transport,5,On Roadway,9,Wet,,,No,,,,,,,2024,POINT (-76.941278208 39.000977327)
Prince George's,Property Damage Crashes,DA43810006,Prince George's County Police,Other,Principal Arterial – Other,No,No,No,No,UNIVERSITY BLVD (WB/L),193,MARYLAND ROUTE,Yes,TRUE,No,3/7/2024,3/7/2024,8,PGCOPD,98,16,3,Yes,2,Point,8:40,2024,Thursday,12,Motor Vehicle In Transport,5,On Roadway,3,Perpendicular,,,BOTELER LA,3,5,Intersection or Related,39.00097755,1,Daylight,3/7/2024,-76.94126665,S,0,F,N,No,,,A563A214EAB62997329C2E0CF6719E00062B2F989EBBC2D589C7386835461C17,MD,1,No,,,,,1,Dry,5,No Controls,No,,,,,,,2024,POINT (-76.94126664700001 39.000977549)
Prince George's,Injury Crashes,DS05110001,University of Maryland Police College Park,Single Vehicle,Principal Arterial – Other,No,No,No,No,UNIVERSITY BLVD (WB/L),193,MARYLAND ROUTE,No,TRUE,No,2/10/2024,2/10/2024,2,UMCP,101,16,2,No,,Point,2:59,2024,Saturday,32,Guardrail Face,9,Roadside,3,,101,State,,,3,Driveway Access or Related,39.00098692,3,Dark - Lighted,2/10/2024,-76.94119019,E,24.43,F,N,No,,,FA49150AB670C1FDC8DAEAB854014C989A40D035729B195FB64BC8DBF03DE1CB,MD,1,No,28,Ditch,9,Roadside,1,Dry,,,No,,,,,,,2024,POINT (-76.941190187 39.000986924)
Prince George's,Injury Crashes,DA40690092,Prince George's County Police,Front to Rear,Principal Arterial – Other,No,No,Yes,No,,1,UNITED STATE ROUTE,No,TRUE,No,6/10/2024,6/10/2024,13,PGCOPD,3,16,2,No,,Point,13:21,2024,Monday,12,Motor Vehicle In Transport,5,On Roadway,3,,,,,,9,Through Roadway,39.00099065,1,Daylight,6/10/2024,-76.93117121,N,18.61,F,N,No,,,4D22543340B98385CA9E88A2C10A57A612190272D90582CE86D6E2ACB6DE7365,US,1,No,,,,,1,Dry,,,No,,,,,,,2024,POINT (-76.931171212 39.000990648)
Prince George's,Property Damage Crashes,DA4069008J,Prince George's County Police,Front to Rear,Principal Arterial – Other,No,No,No,No,UNIVERSITY BLVD,193,MARYLAND ROUTE,No,TRUE,No,1/25/2024,1/25/2024,17,PGCOPD,3,16,3,No,,Point,17:51,2024,Thursday,12,Motor Vehicle In Transport,5,On Roadway,3,,,,,,9,Through Roadway,39.0012945,4,Dark - Not Lighted,1/25/2024,-76.93392508,W,40.69,F,N,No,,,76E153DCC2A542FA2E7BBD01505B2BD161E06DA7ED41FE676D9B56E246920253,MD,1,No,,,,,9,Wet,,,No,,,,,,,2024,POINT (-76.93392508300001 39.001294496)
Prince George's,Injury Crashes,DA43330026,Prince George's County Police,Front to Rear,Principal Arterial – Other,Yes,No,No,No,UNIVERSITY BLVD,193,MARYLAND ROUTE,No,TRUE,No,4/22/2024,4/22/2024,17,PGCOPD,3,16,2,No,,Point,17:20,2024,Monday,12,Motor Vehicle In Transport,5,On Roadway,3,,,,,,6,Non-Junction,39.0013034,1,Daylight,4/22/2024,-76.93364263,W,17.15,F,N,No,,,0727D14AD7F51533058508D2874A5FD9501FAE853B30342DC1952392B04591E9,MD,1,No,,,,,1,Dry,,,No,,,,,,,2024,POINT (-76.933642627 39.0013034)
Prince George's,Property Damage Crashes,DA43810024,Prince George's County Police,Front to Rear,Major Collector,No,No,No,No,METZEROTT RD,230,COUNTY ROAD,Yes,TRUE,No,11/4/2024,11/4/2024,19,PGCOPD,3,16,3,No,,Point,19:00,2024,Monday,12,Motor Vehicle In Transport,5,On Roadway,5,,,,,,6,Non-Junction,39.0013305,3,Dark - Lighted,11/4/2024,-76.9475032,N,30.01,F,N,No,,,30A43D10C58EB66F5FD99D88AB02729A775E85D32F94E704A2FC812037A57B6C,CO,1,No,,,,,1,Dry,,,No,,,,,,,2024,POINT (-76.9475032 39.0013305)
Prince George's,Property Damage Crashes,DA4069009G,Prince George's County Police,Front to Rear,Principal Arterial – Other,No,No,No,No,UNIVERSITY BLVD,193,MARYLAND ROUTE,No,TRUE,No,9/25/2024,9/25/2024,6,PGCOPD,3,16,3,No,,Point,6:43,2024,Wednesday,12,Motor Vehicle In Transport,5,On Roadway,3,,,,,,9,Through Roadway,39.00137852,4,Dark - Not Lighted,9/25/2024,-76.93308603,S,22.07,F,N,No,,,2091284D75A272952F3A049E366FD746857F21600DAD5D43DAA10D8E171C215D,MD,1,No,,,,,9,Wet,,,No,,,,,,,2024,POINT (-76.933086033 39.00137852)
Prince George's,Property Damage Crashes,DA34470036,Prince George's County Police,Front to Rear,Principal Arterial – Other,No,No,No,No,UNIVERSITY BLVD (WB/L),193,MARYLAND ROUTE,No,TRUE,No,2/11/2024,2/11/2024,21,PGCOPD,3,16,3,No,,Point,21:58,2024,Sunday,12,Motor Vehicle In Transport,5,On Roadway,3,,,,,,9,Through Roadway,39.0013944,4,Dark - Not Lighted,2/11/2024,-76.9318652,N,62.19,F,N,No,,,CE05C152F316F9D0E38DF7B8611B83E4D9AFEE57497E00A2C2CAD753F2887966,MD,1,No,,,,,9,Wet,,,No,,,,,,,2024,POINT (-76.9318652 39.0013944)