Crash_County_Description,Crash_Severity_Description,Reportnumber,Agencyname,CollisionImpact_Description,FunctionalClass_Description,ImpairedCrash,Large_Vehicle_Involved,Motorcycle_Crash,Non-Motorist_Crash,RoadName,Route_Number,RouteType_Description,Unrestrained_Occupants,WithinDateRange,Work_Zone_Related,Crashdate,LOD_Crash_Date,Crashhour,AgencyCode,CollisionImpact,Crash_County,Crash_Severity,Crash_Within_Interchange,CrashInterchangeApproaches,CrashPoint,Crashtime,CrashYear,Dayofweek,FirstHarmEvent,FirstHarmEvent_Description,FirstHarmLocation,FirstHarmLocation_Description,FunctionalClass,Geometry_Description,GovPropertyDamage,GovPropertyDamage_Description,IntersectingRoadName,Intersection_Geometry,JunctionRelated,JunctionRelated_Description,Latitude,Light,Light_Description,LOD_Date_Level,Longitude,MilepointDirection,MilepointDistance,MilepointUnits,NonTrafficFatal,OffRoad,OffroadLocation,OffroadLocation_Description,RoadID,RouteType,SchoolBusRelated,SchoolBusRelated_Description,SecondHarmEvent,SecondHarmEvent_Description,SecondHarmLocation,SecondHarmLocation_Description,Surface,Surface_Description,TrafficControl,Trafficcontrol_Description,Work_Zone_Crash,WZLawEnforcementPresent,WZLocation,WZLocation_Description,WZType,WZType_Description,WZWorkersPresent,year,geometry
Prince George's,Property Damage Crashes,DA4273003T,Prince George's County Police,Single Vehicle,Principal Arterial – Other,No,No,No,No,UNIVERSITY BLVD (WB/L),193,MARYLAND ROUTE,No,TRUE,No,2/25/2024,2/25/2024,4,PGCOPD,101,16,3,No,,Point,4:30,2024,Sunday,25,Concrete Traffic Barrier,3,Median,3,,,,,,6,Non-Junction,39.00144118,4,Dark - Not Lighted,2/25/2024,-76.93335236,W,7.29,F,N,No,,,C0F19D6091DCE12C05C5FCE8A1399113916E42FBD1C91CE97D2668AC7D5858ED,MD,1,No,25,Concrete Traffic Barrier,9,Roadside,1,Dry,,,No,,,,,,,2024,POINT (-76.93335235799999 39.001441181)
Prince George's,Injury Crashes,DA4193006Y,Prince George's County Police,Front to Rear,Principal Arterial – Other,No,No,No,No,,1,UNITED STATE ROUTE,No,TRUE,No,2/3/2024,2/3/2024,22,PGCOPD,3,16,2,No,,Point,22:08,2024,Saturday,12,Motor Vehicle In Transport,5,On Roadway,3,,,,UNIVERSITY BLVD (WB/L),,6,Non-Junction,39.00148512,3,Dark - Lighted,2/3/2024,-76.93103681,N,20.52,F,N,No,,,813265612F2FFE6E7F4865FAE947848721AF4CE13501F7643064D33B8613D16E,US,1,No,97,Not Applicable,,,1,Dry,,,No,,,,,,,2024,POINT (-76.931036812 39.001485123)
Prince George's,Injury Crashes,DA3496001N,Prince George's County Police,Single Vehicle,Local,No,No,No,Yes,BLACKFOOT PL #1,121,MUNICIPAL ROAD,No,TRUE,No,7/11/2024,7/11/2024,12,PGCOPD,101,16,2,No,3,Point,12:43,2024,Thursday,16,Pedalcycle,5,On Roadway,7,Angled/Skewed,,,RHODE ISLAND AVE RHODE ISLAND AVE (NB/L),1,5,Intersection or Related,39.00154159,1,Daylight,7/11/2024,-76.92466909,N,0,F,N,No,,,A10AB899F84DC1D679E587D8796E2BDFAE10E8E83121AD81C5EAAE114D4DBD63,MU,1,No,12,Motor Vehicle In Transport,5,On Roadway,1,Dry,2,Stop - All Way,No,,,,,,,2024,POINT (-76.924669094 39.001541592)
Prince George's,Property Damage Crashes,DA4050006B,Prince George's County Police,"Sideswipe, Same Direction",Principal Arterial – Other,No,No,No,No,RAMP 8 FR US 1 SB TO MD 193 WB,1,RAMP,No,TRUE,No,9/28/2024,9/28/2024,6,PGCOPD,7,16,3,No,,Point,6:30,2024,Saturday,12,Motor Vehicle In Transport,5,On Roadway,3,,,,,,4,Entrance/Exit Ramp or Related,39.00157084,4,Dark - Not Lighted,9/28/2024,-76.93241424,S,12.01,F,N,No,,,C10410CAEC3DC7EBBCABEB7895B5E0E06DB8A0928B66905A077552B48C35A283,RP,1,No,,,,,9,Wet,,,No,,,,,,,2024,POINT (-76.93241424199999 39.001570835)
Prince George's,Property Damage Crashes,DA302000F8,Prince George's County Police,Other,Principal Arterial – Other,No,No,No,No,,1,UNITED STATE ROUTE,No,TRUE,No,11/3/2024,11/3/2024,1,PGCOPD,98,16,3,No,,Point,1:02,2024,Sunday,12,Motor Vehicle In Transport,5,On Roadway,3,,,,,,6,Non-Junction,39.00157854,4,Dark - Not Lighted,11/3/2024,-76.93108153,N,24.14,F,N,No,,,AF2203D5CC337FFC0666C25CE23839F7CFD7127D80FE55A1768616C7D36B0F66,US,1,No,35,"Other Fixed Object (wall, building, tunnel, etc.)",7,"On Shoulder, Right Side",1,Dry,,,No,,,,,,,2024,POINT (-76.93108152800001 39.001578543)
Prince George's,Injury Crashes,DA43320024,Prince George's County Police,Front to Rear,Local,No,No,No,No,RHODE ISLAND AVE SERVICE RD,780,MUNICIPAL ROAD,No,TRUE,No,5/24/2024,5/24/2024,9,PGCOPD,3,16,2,No,,Point,9:00,2024,Friday,12,Motor Vehicle In Transport,5,On Roadway,7,,,,,,6,Non-Junction,39.00161461,1,Daylight,5/24/2024,-76.92475289,W,34.08,F,N,No,,,3E15C34C8839C853DE2F3FF1CCB4C9A3046ED448CC0875B78BEC15DAC1766315,MU,1,No,,,,,1,Dry,,,No,,,,,,,2024,POINT (-76.924752889 39.001614611)
Prince George's,Property Damage Crashes,DA392000BF,Prince George's County Police,Front to Rear,Principal Arterial – Other,No,No,No,No,UNIVERSITY BLVD (WB/L),193,MARYLAND ROUTE,No,TRUE,No,9/4/2024,9/4/2024,16,PGCOPD,3,16,3,Yes,,Point,16:00,2024,Wednesday,12,Motor Vehicle In Transport,5,On Roadway,3,,,,,,1,Acceleration/Deceleration Lane,39.00162305,1,Daylight,9/4/2024,-76.93117397,S,42.38,F,N,No,,,793B0E2A4EBEA9A9A783C8C976227A4DEF515C20D7C16BCC5F6B03F13EAE13EC,MD,1,No,,,,,1,Dry,,,No,,,,,,,2024,POINT (-76.93117397100001 39.001623052)
Prince George's,Property Damage Crashes,DA418600B5,Prince George's County Police,"Sideswipe, Same Direction",Minor Arterial,No,No,No,No,ADELPHI RD,232,COUNTY ROAD,No,TRUE,Yes,10/4/2024,10/4/2024,8,PGCOPD,7,16,3,No,,Point,8:30,2024,Friday,12,Motor Vehicle In Transport,5,On Roadway,4,,,,,,6,Non-Junction,39.00163004,1,Daylight,10/4/2024,-76.96465439,N,37.6,F,N,No,,,1DBC9D54F4B69D7350C454096DAB61824195E89ED11C76A7DAEC0A950AA0C588,CO,1,No,,,,,9,Wet,,,Yes,N,4,Activity Area,1,Lane Closure,Yes,2024,POINT (-76.964654393 39.001630038)
Prince George's,Injury Crashes,DA4186009S,Prince George's County Police,Single Vehicle,Principal Arterial – Other,No,No,No,No,UNIVERSITY BLVD (WB/L),193,MARYLAND ROUTE,No,TRUE,No,6/29/2024,6/29/2024,18,PGCOPD,101,16,2,Unknown,,Point,18:44,2024,Saturday,6,Other Non-Collision,7,"On Shoulder, Right Side",3,,,,,,99,Unknown,39.0016326,1,Daylight,6/29/2024,-76.93082608,S,48.78,F,N,No,,,DEE7B6B0849D7365E854C43C21AEEC3B9320B9BE20059311E951565956A60FB3,MD,1,No,97,Not Applicable,,,1,Dry,,,No,,,,,,,2024,POINT (-76.930826078 39.001632603)
Prince George's,Property Damage Crashes,DA4340002M,Prince George's County Police,Front to Rear,Principal Arterial – Other,No,No,No,No,RAMP 1 FR US 1 NB TO MD 193 WB,1,RAMP,No,TRUE,No,5/4/2024,5/4/2024,21,PGCOPD,3,16,3,No,,Point,21:00,2024,Saturday,12,Motor Vehicle In Transport,99,Unknown,3,,,,,,99,Unknown,39.00163586,101,Dusk,5/4/2024,-76.93047285,E,47.82,F,N,No,,,1CA877505C5965F0DCFD558988E396512276F4FABDF0639397571914E2940E05,RP,1,No,,,,,9,Wet,,,No,,,,,,,2024,POINT (-76.930472851 39.001635862)
Prince George's,Property Damage Crashes,DA4161006H,Prince George's County Police,Front to Rear,Minor Arterial,No,No,No,No,ADELPHI RD (NB/L),232,COUNTY ROAD,No,TRUE,No,5/13/2024,5/13/2024,18,PGCOPD,3,16,3,No,,Point,18:00,2024,Monday,12,Motor Vehicle In Transport,5,On Roadway,4,,,,,,6,Non-Junction,39.00184328,1,Daylight,5/13/2024,-76.96454558,W,31.34,F,N,No,,,8991616C2985588F741D9B60372C4F26C6C2658C1AF4A2093E1BB29F24A7FB73,CO,1,No,,,,,1,Dry,,,No,,,,,,,2024,POINT (-76.964545578 39.001843283)
Prince George's,Property Damage Crashes,DA4268006G,Prince George's County Police,Other,Local,No,No,No,No,49TH AVE #3,9493,MUNICIPAL ROAD,No,TRUE,No,10/23/2024,10/23/2024,10,PGCOPD,98,16,3,No,,Point,10:34,2024,Wednesday,15,Parked Vehicle,5,On Roadway,7,,,,,,9,Through Roadway,39.00187655,99,Unknown,10/23/2024,-76.92694845,S,41.08,F,N,No,,,6E87D9978E6C981DEA30E988B8081BD23825D57DDD74463EEB5CA1320737AE6A,MU,1,No,,,,,1,Dry,,,No,,,,,,,2024,POINT (-76.92694844499999 39.001876545)
Prince George's,Property Damage Crashes,DA4050005S,Prince George's County Police,Front to Rear,Major Collector,No,No,No,No,METZEROTT RD,230,COUNTY ROAD,No,TRUE,No,5/3/2024,5/3/2024,1,PGCOPD,3,16,3,No,,Point,1:07,2024,Friday,12,Motor Vehicle In Transport,5,On Roadway,5,,,,,,9,Through Roadway,39.0021602,3,Dark - Lighted,5/3/2024,-76.95155917,W,29.9,F,N,No,,,25D5C8A39985FE3BCE66B5FB69F03F0673FA36FA4008E994688066AE0B1F9C1A,CO,1,No,,,,,1,Dry,,,No,,,,,,,2024,POINT (-76.95155916900001 39.0021602)
Prince George's,Property Damage Crashes,DA405100D8,Prince George's County Police,"Sideswipe, Same Direction",Major Collector,No,No,No,No,METZEROTT RD,230,COUNTY ROAD,No,TRUE,No,12/25/2024,12/25/2024,17,PGCOPD,7,16,3,No,,Point,17:47,2024,Wednesday,15,Parked Vehicle,5,On Roadway,5,,,,,,6,Non-Junction,39.00226319,99,Unknown,12/25/2024,-76.95197474,S,34.61,F,N,No,,,1DCA9633206171E5DBF871889539D96C3B5409A465151D807954EED2728FF70F,CO,1,No,,,,,99,Unknown,,,No,,,,,,,2024,POINT (-76.95197474299999 39.002263191)
Prince George's,Property Damage Crashes,DS05230001,University of Maryland Police College Park,Front to Rear,Major Collector,Yes,No,No,No,METZEROTT RD,230,COUNTY ROAD,No,TRUE,No,9/22/2024,9/22/2024,18,UMCP,3,16,3,No,,Point,18:48,2024,Sunday,12,Motor Vehicle In Transport,5,On Roadway,5,,,,,,6,Non-Junction,39.00245964,3,Dark - Lighted,9/22/2024,-76.96442114,S,15.8,F,N,No,,,3A47D7F36788AD994BE3AE684875B0D6530FB7FD63B343FFC28D3A0877522F63,CO,1,No,12,Motor Vehicle In Transport,5,On Roadway,1,Dry,,,No,,,,,,,2024,POINT (-76.964421139 39.002459643)
Prince George's,Property Damage Crashes,DA34250089,Prince George's County Police,Single Vehicle,Principal Arterial – Other,No,No,No,No,RAMP 1 FR US 1 NB TO MD 193 WB,1,RAMP,No,TRUE,No,3/18/2024,3/18/2024,3,PGCOPD,101,16,3,Yes,,Point,3:47,2024,Monday,27,Curb,3,Median,3,,,,,,4,Entrance/Exit Ramp or Related,39.0024942,4,Dark - Not Lighted,3/18/2024,-76.93013294,E,39.45,F,N,No,,,A3A5F07825E42019BA59B6E9B590A573DFC348E3F3489046190E0EE9BE9CFCBD,RP,1,No,40,Tree (standing),3,Median,1,Dry,,,No,,,,,,,2024,POINT (-76.930132943 39.002494204)
Prince George's,Injury Crashes,DA3965008M,Prince George's County Police,Front to Rear,Principal Arterial – Other,No,No,No,No,RAMP 2 FR MD 193 WB TO US 1 NB,1,RAMP,No,TRUE,No,12/16/2024,12/16/2024,19,PGCOPD,3,16,2,No,,Point,19:08,2024,Monday,12,Motor Vehicle In Transport,5,On Roadway,3,,,,,,4,Entrance/Exit Ramp or Related,39.00251531,5,Dark - Unknown Lighting,12/16/2024,-76.92967742,S,23.44,F,N,No,,,BE9A4EAE33BB3F6968B33A80EE8BDF06C18D62DF57573975DAC3130B87E3FD7B,RP,1,No,14,Other Non-Motorist,5,On Roadway,9,Wet,,,No,,,,,,,2024,POINT (-76.929677418 39.002515305)
Prince George's,Injury Crashes,DA418100CN,Prince George's County Police,Single Vehicle,Principal Arterial – Other,No,No,No,No,RAMP 2 FR MD 193 WB TO US 1 NB,1,RAMP,No,TRUE,No,3/18/2024,3/18/2024,2,PGCOPD,101,16,2,No,,Point,2:17,2024,Monday,27,Curb,9,Roadside,3,,,,,,4,Entrance/Exit Ramp or Related,39.00257107,4,Dark - Not Lighted,3/18/2024,-76.92980756,S,5.15,F,N,No,,,E17A47C75EDB03FED5C93BBE422B184978CA7016CC6ADB1CCBE14B8A8193E07A,RP,1,No,,,,,1,Dry,,,No,,,,,,,2024,POINT (-76.929807557 39.002571067)
Prince George's,Property Damage Crashes,DA4263005F,Prince George's County Police,Unknown,Local,No,No,No,Yes,RHODE ISLAND AVE SERVICE RD,780,MUNICIPAL ROAD,No,TRUE,No,11/15/2024,11/15/2024,8,PGCOPD,99,16,3,No,,Point,8:30,2024,Friday,14,Other Non-Motorist,5,On Roadway,7,,,,,,9,Through Roadway,39.00263881,1,Daylight,11/15/2024,-76.92456102,N,34.73,F,N,No,,,C6034F5E1A1AEBEC115BF18C3A3F549406C52D1C41B8D8A544911160BEB60E37,MU,1,No,12,Motor Vehicle In Transport,5,On Roadway,1,Dry,,,No,,,,,,,2024,POINT (-76.924561023 39.002638814)
Prince George's,Property Damage Crashes,DA4268005S,Prince George's County Police,Front to Front,Local,No,No,No,No,49TH AVE #3,9493,MUNICIPAL ROAD,No,TRUE,No,6/24/2024,6/24/2024,8,PGCOPD,2,16,3,No,2,Point,8:50,2024,Monday,12,Motor Vehicle In Transport,5,On Roadway,7,Perpendicular,,,CHEROKEE ST #1,3,5,Intersection or Related,39.00274988,1,Daylight,6/24/2024,-76.92638708,W,0,F,N,No,,,100FAD3BDA57761B6891F407CCCBA26A188EB40ED05FC79A084F2C13BDABF5EA,MU,1,No,12,Motor Vehicle In Transport,5,On Roadway,1,Dry,5,No Controls,No,,,,,,,2024,POINT (-76.92638708 39.002749878)
Prince George's,Property Damage Crashes,DA4193007K,Prince George's County Police,"Sideswipe, Same Direction",Local,No,Yes,No,No,CHEROKEE ST #1,191,MUNICIPAL ROAD,Yes,TRUE,No,10/24/2024,10/24/2024,8,PGCOPD,7,16,3,No,,Point,8:30,2024,Thursday,12,Motor Vehicle In Transport,5,On Roadway,7,,,,,,6,Non-Junction,39.0027914,1,Daylight,10/24/2024,-76.92653216,W,32.98,F,N,No,,,E16E399E2019F19AC5AEB4939971172CC245E2762F294F674B3AC43356DA3B59,MU,2,"Yes, School Bus Directly Involved",,,,,1,Dry,,,No,,,,,,,2024,POINT (-76.926532162 39.002791403)
Prince George's,Injury Crashes,DS04500012,University of Maryland Police College Park,Single Vehicle,Major Collector,No,No,No,No,METZEROTT RD,230,COUNTY ROAD,No,TRUE,No,12/29/2024,12/29/2024,11,UMCP,101,16,2,No,,Point,11:35,2024,Sunday,41,Utility Pole/Light Support,9,Roadside,5,,,,,,6,Non-Junction,39.00284365,1,Daylight,12/29/2024,-76.95548955,W,55.11,F,N,No,,,68DC7E509C0252DB30379921660BC597D8049720091B2DEDCA245AEF83C1A356,CO,1,No,,,,,9,Wet,,,No,,,,,,,2024,POINT (-76.955489547 39.002843649)
Prince George's,Property Damage Crashes,DA44130003,Prince George's County Police,Single Vehicle,Local,No,No,No,No,CHEYENNE PL,210,MUNICIPAL ROAD,No,TRUE,No,12/24/2024,12/24/2024,22,PGCOPD,101,16,3,No,,Point,22:25,2024,Tuesday,36,"Other Post, Pole, Or Support",9,Roadside,7,,100,Local,50TH PL #1,,6,Non-Junction,39.00285487,4,Dark - Not Lighted,12/24/2024,-76.92308909,N,49.8,F,N,No,,,5CB3394BC775BD05F21387916F76CD7E70EC457D0A2B1F319F9DE3FEBB100389,MU,1,No,,,,,1,Dry,,,No,,,,,,,2024,POINT (-76.92308909400001 39.002854869)
Prince George's,Property Damage Crashes,DA4268004Z,Prince George's County Police,Front to Rear,Principal Arterial – Other,No,No,No,No,RAMP 2 FR MD 193 WB TO US 1 NB,1,RAMP,Yes,TRUE,No,1/25/2024,1/25/2024,13,PGCOPD,3,16,3,Yes,,Point,13:46,2024,Thursday,12,Motor Vehicle In Transport,5,On Roadway,3,,,,,,4,Entrance/Exit Ramp or Related,39.00288996,1,Daylight,1/25/2024,-76.93059994,W,13,F,N,No,,,FAB23506EDAEFF4A1FA758BEA952F4C5C36CE78A5A319AAACA61AE56C960DE89,RP,1,No,,,,,9,Wet,,,No,,,,,,,2024,POINT (-76.930599941 39.002889957)
Prince George's,Property Damage Crashes,DA4060005W,Prince George's County Police,Front to Rear,Principal Arterial – Other,No,No,No,No,BALTIMORE AVE,1,UNITED STATE ROUTE,No,TRUE,No,5/30/2024,5/30/2024,16,PGCOPD,3,16,3,No,,Point,16:57,2024,Thursday,12,Motor Vehicle In Transport,5,On Roadway,3,,,,,,6,Non-Junction,39.00291936,1,Daylight,5/30/2024,-76.93091873,S,60.52,F,N,No,,,1658CE2F0425861A2246AAA6BB83BBE8BCC550B1EC7F663BEB56D93AC0B857CB,US,1,No,,,,,1,Dry,,,No,,,,,,,2024,POINT (-76.93091873100001 39.002919357)
Prince George's,Property Damage Crashes,DA405100CR,Prince George's County Police,Angle,Principal Arterial – Other,No,No,No,No,BALTIMORE AVE,1,UNITED STATE ROUTE,No,TRUE,No,6/9/2024,6/9/2024,12,PGCOPD,1,16,3,No,,Point,12:47,2024,Sunday,12,Motor Vehicle In Transport,5,On Roadway,3,,,,,,4,Entrance/Exit Ramp or Related,39.00294401,1,Daylight,6/9/2024,-76.93057705,N,63.85,F,N,No,,,A36EC56A5C032FF31C2667BD5391776AFC1418D43CBD75583EF16FE37432E8D2,US,1,No,,,,,1,Dry,,,No,,,,,,,2024,POINT (-76.930577046 39.002944005)
Prince George's,Property Damage Crashes,DA2108000P,Prince George's County Police,"Sideswipe, Same Direction",Principal Arterial – Other,No,No,No,No,BALTIMORE AVE,1,UNITED STATE ROUTE,No,TRUE,No,4/3/2024,4/3/2024,8,PGCOPD,7,16,3,No,,Point,8:45,2024,Wednesday,12,Motor Vehicle In Transport,5,On Roadway,3,,100,Local,,,9,Through Roadway,39.00297324,1,Daylight,4/3/2024,-76.93072589,N,45.93,F,N,No,,,A36EC56A5C032FF31C2667BD5391776AFC1418D43CBD75583EF16FE37432E8D2,US,1,No,,,,,9,Wet,,,No,,,,,,,2024,POINT (-76.93072589400001 39.002973235)
Prince George's,Property Damage Crashes,DA4268006L,Prince George's County Police,"Sideswipe, Same Direction",Principal Arterial – Other,No,No,No,No,BALTIMORE AVE,1,UNITED STATE ROUTE,No,TRUE,No,11/11/2024,11/11/2024,21,PGCOPD,7,16,3,No,,Point,21:06,2024,Monday,12,Motor Vehicle In Transport,5,On Roadway,3,,,,,,9,Through Roadway,39.00303403,3,Dark - Lighted,11/11/2024,-76.93073371,S,23.69,F,N,No,,,9F5C2803C3DC893E0107B1EE4F5C8D31E2AFA93F9C95160DA56F724E525EC4A7,US,1,No,,,,,1,Dry,,,No,,,,,,,2024,POINT (-76.93073370499999 39.003034033)
Prince George's,Property Damage Crashes,DA4268006B,Prince George's County Police,Front to Front,Principal Arterial – Other,No,No,No,No,BALTIMORE AVE,1,UNITED STATE ROUTE,No,TRUE,No,9/26/2024,9/26/2024,20,PGCOPD,2,16,3,No,,Point,20:28,2024,Thursday,12,Motor Vehicle In Transport,3,Median,3,,,,,,9,Through Roadway,39.00306822,3,Dark - Lighted,9/26/2024,-76.93069937,N,10.54,F,N,No,,,A36EC56A5C032FF31C2667BD5391776AFC1418D43CBD75583EF16FE37432E8D2,US,1,No,,,,,1,Dry,,,No,,,,,,,2024,POINT (-76.930699373 39.003068219)
Prince George's,Property Damage Crashes,DA4050005C,Prince George's County Police,Front to Rear,Principal Arterial – Other,No,No,No,No,BALTIMORE AVE,1,UNITED STATE ROUTE,No,TRUE,No,1/14/2024,1/14/2024,12,PGCOPD,3,16,3,No,,Point,12:10,2024,Sunday,12,Motor Vehicle In Transport,5,On Roadway,3,,,,,,4,Entrance/Exit Ramp or Related,39.00311271,1,Daylight,1/14/2024,-76.93069199,S,6.14,F,N,No,,,A36EC56A5C032FF31C2667BD5391776AFC1418D43CBD75583EF16FE37432E8D2,US,1,No,,,,,1,Dry,,,No,,,,,,,2024,POINT (-76.930691985 39.003112707)
Prince George's,Property Damage Crashes,DA418100DT,Prince George's County Police,Single Vehicle,Principal Arterial – Other,No,No,No,No,BALTIMORE AVE,1,UNITED STATE ROUTE,No,TRUE,No,9/18/2024,9/18/2024,4,PGCOPD,101,16,3,No,,Point,4:50,2024,Wednesday,36,"Other Post, Pole, Or Support",5,On Roadway,3,,,,,,9,Through Roadway,39.00312397,3,Dark - Lighted,9/18/2024,-76.93068895,S,10.19,F,N,No,,,A36EC56A5C032FF31C2667BD5391776AFC1418D43CBD75583EF16FE37432E8D2,US,1,No,,,,,9,Wet,,,No,,,,,,,2024,POINT (-76.930688954 39.003123974)
Prince George's,Injury Crashes,DA4069008G,Prince George's County Police,Front to Front,Principal Arterial – Other,No,No,No,No,BALTIMORE AVE,1,UNITED STATE ROUTE,No,TRUE,No,1/24/2024,1/24/2024,16,PGCOPD,2,16,2,Yes,,Point,16:19,2024,Wednesday,12,Motor Vehicle In Transport,5,On Roadway,3,,,,,,9,Through Roadway,39.00383973,1,Daylight,1/24/2024,-76.93051358,S,2.62,F,N,No,,,1152EB983CACCBB147C1476EC9103C3FA2E8706AE0EFA63B06971A40CEFAB7B3,US,1,No,12,Motor Vehicle In Transport,5,On Roadway,1,Dry,,,No,,,,,,,2024,POINT (-76.930513581 39.003839731)
Prince George's,Property Damage Crashes,DA4069008F,Prince George's County Police,Front to Rear,Principal Arterial – Other,No,No,No,No,BALTIMORE AVE,1,UNITED STATE ROUTE,No,TRUE,No,1/23/2024,1/23/2024,18,PGCOPD,3,16,3,No,,Point,18:29,2024,Tuesday,12,Motor Vehicle In Transport,5,On Roadway,3,,,,,,6,Non-Junction,39.00385366,3,Dark - Lighted,1/23/2024,-76.93039499,N,58.11,F,N,No,,,7D87640007025780F3BE05665DAD6D9F360883A34124F9F81F72857D21D66C54,US,1,No,,,,,1,Dry,,,No,,,,,,,2024,POINT (-76.93039499299999 39.003853664)
Prince George's,Property Damage Crashes,DA34380010,Prince George's County Police,"Sideswipe, Same Direction",Principal Arterial – Other,No,No,No,No,,1,UNITED STATE ROUTE,No,TRUE,No,3/29/2024,3/29/2024,18,PGCOPD,7,16,3,No,,Point,18:24,2024,Friday,12,Motor Vehicle In Transport,5,On Roadway,3,,,,CHEROKEE ST #1,,6,Non-Junction,39.00385497,1,Daylight,3/29/2024,-76.93009401,W,114.6,F,N,No,,,2D51854320F481F8693EA4FD636F77D3A02A364B14A0D5FFE984C3AAC1213C0A,US,1,No,12,Motor Vehicle In Transport,9,Roadside,1,Dry,,,No,,,,,,,2024,POINT (-76.93009401099999 39.003854967)
Prince George's,Property Damage Crashes,DA4268005F,Prince George's County Police,Angle,Local,No,No,No,No,CHEROKEE ST #1,191,MUNICIPAL ROAD,No,TRUE,No,5/11/2024,5/11/2024,20,PGCOPD,1,16,3,Yes,4,Point,20:56,2024,Saturday,12,Motor Vehicle In Transport,5,On Roadway,7,Perpendicular,,,BALTIMORE AVE,3,5,Intersection or Related,39.00393606,3,Dark - Lighted,5/11/2024,-76.93042546,W,0,F,N,No,,,A9F6FC0AB67DBCDB68A7DA469D4B9E4B74E06309E20B10BCBF0FEA548C81C850,MU,1,No,12,Motor Vehicle In Transport,5,On Roadway,9,Wet,1,Signalized,No,,,,,,,2024,POINT (-76.930425461 39.003936059)
Prince George's,Property Damage Crashes,DA40500063,Prince George's County Police,"Sideswipe, Same Direction",Local,No,No,No,No,DELAWARE ST #1,361,MUNICIPAL ROAD,No,TRUE,No,8/8/2024,8/8/2024,10,PGCOPD,7,16,3,No,,Point,10:50,2024,Thursday,15,Parked Vehicle,5,On Roadway,7,,,,,,9,Through Roadway,39.00401979,1,Daylight,8/8/2024,-76.92441652,S,9.52,F,N,No,,,4BF9EAF872D22518E86E9FBC6F43F0713F808F756B7461E7BA06EB51164D2270,MU,1,No,,,,,9,Wet,,,No,,,,,,,2024,POINT (-76.924416519 39.004019792)
Prince George's,Injury Crashes,DA40500061,Prince George's County Police,Front to Rear,Principal Arterial – Other,No,No,No,No,,1,UNITED STATE ROUTE,No,TRUE,No,8/2/2024,8/2/2024,13,PGCOPD,3,16,2,No,,Point,13:34,2024,Friday,15,Parked Vehicle,5,On Roadway,3,,,,,,9,Through Roadway,39.00424717,1,Daylight,8/2/2024,-76.93056621,E,45.02,F,N,No,,,B216E21D1577D6656DD969D92257D506BD2EF63CA6D7EE1424CC989B73E00960,US,1,No,,,,,1,Dry,,,No,,,,,,,2024,POINT (-76.93056620900001 39.004247167)
Prince George's,Property Damage Crashes,DA4418000B,Prince George's County Police,"Sideswipe, Same Direction",Local,No,No,No,No,ST ANDREWS PL,1130,MUNICIPAL ROAD,No,TRUE,No,12/29/2024,12/29/2024,4,PGCOPD,7,16,3,No,,Point,4:44,2024,Sunday,15,Parked Vehicle,5,On Roadway,7,,,,,,6,Non-Junction,39.00453656,3,Dark - Lighted,12/29/2024,-76.94890031,E,8.77,F,N,No,,,4C1550186D783D7EB632DD365A3A11B7DCEDACE34304AB87B89D830C0CE0C712,MU,1,No,,,,,9,Wet,,,No,,,,,,,2024,POINT (-76.948900309 39.004536559)
Prince George's,Property Damage Crashes,DA4163003M,Prince George's County Police,Other,Local,No,No,No,No,DELAWARE ST #1,361,MUNICIPAL ROAD,No,TRUE,No,9/12/2024,9/12/2024,12,PGCOPD,98,16,3,No,,Point,12:00,2024,Thursday,12,Motor Vehicle In Transport,5,On Roadway,7,,,,,,99,Unknown,39.00479747,1,Daylight,9/12/2024,-76.92668458,S,41.64,F,N,No,,,30F3A673B6307534E95754F10C2E1AB4AF6FD0159EB9EC511DD3497C6E48AD8C,MU,1,No,15,Parked Vehicle,5,On Roadway,1,Dry,,,No,,,,,,,2024,POINT (-76.926684584 39.004797474)
Prince George's,Property Damage Crashes,DA27770037,Prince George's County Police,"Sideswipe, Same Direction",Local,No,No,No,No,GETTYSBURG LA,525,MUNICIPAL ROAD,No,TRUE,No,6/30/2024,6/30/2024,13,PGCOPD,7,16,3,No,,Point,13:11,2024,Sunday,15,Parked Vehicle,5,On Roadway,7,,,,,,6,Non-Junction,39.00518475,1,Daylight,6/30/2024,-76.94555208,E,12.27,F,N,No,,,6C457789AD779B50F94E6BC7620AF09E12C8CD1CEC5E156675FAFEEC2CB49E81,MU,1,No,97,Not Applicable,,,1,Dry,,,No,,,,,,,2024,POINT (-76.945552076 39.005184745)
Prince George's,Property Damage Crashes,DA4186009J,Prince George's County Police,Front to Rear,Local,No,No,No,No,RHODE ISLAND RD,1090,MUNICIPAL ROAD,Yes,TRUE,No,4/15/2024,4/15/2024,9,PGCOPD,3,16,3,No,,Point,9:58,2024,Monday,12,Motor Vehicle In Transport,5,On Roadway,7,,,,,,6,Non-Junction,39.00542827,1,Daylight,4/15/2024,-76.92349767,S,37.6,F,N,No,,,77649DCA423172D824A041A98BB6DB4E9A85D971E7E633E857BA1E3EC77F0FDA,MU,1,No,12,Motor Vehicle In Transport,5,On Roadway,1,Dry,,,No,,,,,,,2024,POINT (-76.923497666 39.005428269)