Crash_County_Description,Crash_Severity_Description,Reportnumber,Agencyname,CollisionImpact_Description,FunctionalClass_Description,ImpairedCrash,Large_Vehicle_Involved,Motorcycle_Crash,Non-Motorist_Crash,RoadName,Route_Number,RouteType_Description,Unrestrained_Occupants,WithinDateRange,Work_Zone_Related,Crashdate,LOD_Crash_Date,Crashhour,AgencyCode,CollisionImpact,Crash_County,Crash_Severity,Crash_Within_Interchange,CrashInterchangeApproaches,CrashPoint,Crashtime,CrashYear,Dayofweek,FirstHarmEvent,FirstHarmEvent_Description,FirstHarmLocation,FirstHarmLocation_Description,FunctionalClass,Geometry_Description,GovPropertyDamage,GovPropertyDamage_Description,IntersectingRoadName,Intersection_Geometry,JunctionRelated,JunctionRelated_Description,Latitude,Light,Light_Description,LOD_Date_Level,Longitude,MilepointDirection,MilepointDistance,MilepointUnits,NonTrafficFatal,OffRoad,OffroadLocation,OffroadLocation_Description,RoadID,RouteType,SchoolBusRelated,SchoolBusRelated_Description,SecondHarmEvent,SecondHarmEvent_Description,SecondHarmLocation,SecondHarmLocation_Description,Surface,Surface_Description,TrafficControl,Trafficcontrol_Description,Work_Zone_Crash,WZLawEnforcementPresent,WZLocation,WZLocation_Description,WZType,WZType_Description,WZWorkersPresent,year,geometry
Prince George's,Property Damage Crashes,DA3496001K,Prince George's County Police,Other,Principal Arterial – Other,No,No,No,No,BALTIMORE AVE,1,UNITED STATE ROUTE,No,TRUE,No,6/22/2024,6/22/2024,10,PGCOPD,98,16,3,No,,Point,10:16,2024,Saturday,12,Motor Vehicle In Transport,5,On Roadway,3,,,,,,6,Non-Junction,39.00561496,1,Daylight,6/22/2024,-76.93009051,E,8.62,F,N,No,,,BE0B811E62C6F642C3A48CBFD4D34F96BF4D892B953E4FE617ED8A2BBA1E6263,US,1,No,12,Motor Vehicle In Transport,5,On Roadway,1,Dry,,,No,,,,,,,2024,POINT (-76.930090509 39.005614957)
Prince George's,Property Damage Crashes,DA418100F2,Prince George's County Police,Other,Principal Arterial – Other,No,Yes,No,No,,1,UNITED STATE ROUTE,No,TRUE,No,11/1/2024,11/1/2024,10,PGCOPD,98,16,3,No,,Point,10:56,2024,Friday,12,Motor Vehicle In Transport,5,On Roadway,3,,100,Local,,,9,Through Roadway,39.00562523,1,Daylight,11/1/2024,-76.93004782,S,17.29,F,N,No,,,89194B319FC14D4B707F668F94FBFCD2B6565D0318DBCFA3B4D6044A87AF676C,US,1,No,,,,,1,Dry,,,No,,,,,,,2024,POINT (-76.930047823 39.005625225)
Prince George's,Property Damage Crashes,DA4268004S,Prince George's County Police,Rear To Side,Local,No,No,No,No,INDIAN LA,610,MUNICIPAL ROAD,No,TRUE,No,1/15/2024,1/15/2024,16,PGCOPD,5,16,3,No,,Point,16:52,2024,Monday,15,Parked Vehicle,99,Unknown,7,,,,,,6,Non-Junction,39.00568748,3,Dark - Lighted,1/15/2024,-76.92260965,W,26.08,F,N,No,,,FC0F66DCF0FDF22355527A58256BEE9AAF11E81C61421CE9B90369FA76DE6183,MU,1,No,,,,,9,Wet,,,No,,,,,,,2024,POINT (-76.922609654 39.005687475)
Prince George's,Property Damage Crashes,DA40500059,Prince George's County Police,"Sideswipe, Same Direction",Local,No,No,No,No,DELAWARE ST #1,361,MUNICIPAL ROAD,No,TRUE,No,1/4/2024,1/4/2024,18,PGCOPD,7,16,3,No,,Point,18:25,2024,Thursday,12,Motor Vehicle In Transport,5,On Roadway,7,,,,BALTIMORE AVE,,6,Non-Junction,39.00579575,3,Dark - Lighted,1/4/2024,-76.92998414,N,0,F,N,No,,,EDBD9FD84E5BD2A5E43B3899DC0E2B7C94DA01A75E73757297484C5CF39AE404,MU,1,No,36,"Other Post, Pole, Or Support",5,On Roadway,1,Dry,,,No,,,,,,,2024,POINT (-76.92998413700001 39.005795754)
Prince George's,Property Damage Crashes,DA40500065,Prince George's County Police,Front to Rear,Principal Arterial – Other,No,No,No,No,BALTIMORE AVE,1,UNITED STATE ROUTE,No,TRUE,No,9/2/2024,9/2/2024,0,PGCOPD,3,16,3,No,,Point,0:59,2024,Monday,12,Motor Vehicle In Transport,5,On Roadway,3,,,,,,9,Through Roadway,39.00592609,3,Dark - Lighted,9/2/2024,-76.92999356,S,7.33,F,N,No,,,0FB644BDF64BB7F506898165DE7C98E67638DE5B3A59D751E2190125FD592DD9,US,1,No,,,,,1,Dry,,,No,,,,,,,2024,POINT (-76.929993557 39.005926085)
Prince George's,Property Damage Crashes,DA3126000R,Prince George's County Police,Other,Local,No,No,No,No,FOX ST,510,MUNICIPAL ROAD,No,TRUE,No,2/28/2024,2/28/2024,16,PGCOPD,98,16,3,Yes,2,Point,16:00,2024,Wednesday,12,Motor Vehicle In Transport,5,On Roadway,7,Perpendicular,,,RHODE ISLAND RD,3,5,Intersection or Related,39.00611294,1,Daylight,2/28/2024,-76.92336651,N,0,F,N,No,,,AC85DDA067A01ECC822A22719F3057EF2154C97E9B7B220FFEECA0DFB462E1B7,MU,1,No,12,Motor Vehicle In Transport,5,On Roadway,9,Wet,5,No Controls,No,,,,,,,2024,POINT (-76.92336650999999 39.00611294)
Prince George's,Property Damage Crashes,DA4050005N,Prince George's County Police,Angle,Local,No,No,No,No,RHODE ISLAND RD,1090,MUNICIPAL ROAD,No,TRUE,No,3/24/2024,3/24/2024,15,PGCOPD,1,16,3,No,2,Point,15:40,2024,Sunday,12,Motor Vehicle In Transport,5,On Roadway,7,Angled/Skewed,,,FOX ST,1,5,Intersection or Related,39.00611948,1,Daylight,3/24/2024,-76.92339484,N,0,F,N,No,,,8544C1874E871CBA3FCB01715F958DD271C376C1CB601B522B62F21079805CEE,MU,1,No,,,,,1,Dry,3,Stop - Partial,No,,,,,,,2024,POINT (-76.923394839 39.006119479)
Prince George's,Property Damage Crashes,DA4268005D,Prince George's County Police,Angle,Major Collector,No,No,No,No,RHODE ISLAND AVE,171,MUNICIPAL ROAD,No,TRUE,No,5/10/2024,5/10/2024,18,PGCOPD,1,16,3,Yes,4,Point,18:38,2024,Friday,12,Motor Vehicle In Transport,5,On Roadway,5,Perpendicular,,,FOX ST INDIAN LA,3,5,Intersection or Related,39.00616482,1,Daylight,5/10/2024,-76.92347377,N,0,F,N,No,,,A919AF645959736C6B8B2E88FDBE2FFE16D949EA5F502B36E65E4EBF9C3DDB4F,MU,1,No,12,Motor Vehicle In Transport,5,On Roadway,9,Wet,3,Stop - Partial,No,,,,,,,2024,POINT (-76.923473769 39.006164817)
Prince George's,Injury Crashes,DA37740072,Prince George's County Police,Front to Rear,Local,No,No,No,No,FOX ST,510,MUNICIPAL ROAD,No,TRUE,No,1/9/2024,1/9/2024,15,PGCOPD,3,16,2,No,,Point,15:33,2024,Tuesday,12,Motor Vehicle In Transport,5,On Roadway,7,,,,RHODE ISLAND RD,,1,Acceleration/Deceleration Lane,39.006183,1,Daylight,1/9/2024,-76.92332795,N,1.13,F,N,No,,,AC85DDA067A01ECC822A22719F3057EF2154C97E9B7B220FFEECA0DFB462E1B7,MU,1,No,97,Not Applicable,,,9,Wet,,,No,,,,,,,2024,POINT (-76.92332794799999 39.006183001)
Prince George's,Injury Crashes,DA4381001L,Prince George's County Police,Unknown,Local,No,No,No,Yes,MARLBROUGH WAY,810,MUNICIPAL ROAD,No,TRUE,No,9/30/2024,9/30/2024,1,PGCOPD,99,16,2,No,,Point,1:00,2024,Monday,17,Pedestrian,2,In Parking Lane Or Zone,7,,,,,,6,Non-Junction,39.00671387,3,Dark - Lighted,9/30/2024,-76.95295893,S,27.77,F,N,No,,,DCBD1C1DFA8B54AE6358FB44D18B8F099CA8E513C28F880DB514A13EEAE5C1DA,MU,1,No,,,,,9,Wet,,,No,,,,,,,2024,POINT (-76.952958932 39.006713869)
Prince George's,Property Damage Crashes,DA418100DV,Prince George's County Police,"Sideswipe, Same Direction",Principal Arterial – Other,No,No,No,No,BALTIMORE AVE,1,UNITED STATE ROUTE,No,TRUE,No,9/30/2024,9/30/2024,17,PGCOPD,7,16,3,No,,Point,17:00,2024,Monday,12,Motor Vehicle In Transport,5,On Roadway,3,,,,,,9,Through Roadway,39.00672869,1,Daylight,9/30/2024,-76.92978543,S,5.4,F,N,No,,,742591E21010534564E01886D9A3949CD4F0A853647067DBC8B54260FDFF8670,US,1,No,12,Motor Vehicle In Transport,5,On Roadway,9,Wet,,,No,,,,,,,2024,POINT (-76.929785431 39.006728691)
Prince George's,Property Damage Crashes,DA3126000T,Prince George's County Police,"Sideswipe, Same Direction",Local,No,No,No,No,48TH PL,9485,MUNICIPAL ROAD,No,TRUE,No,3/24/2024,3/24/2024,11,PGCOPD,7,16,3,No,,Point,11:00,2024,Sunday,12,Motor Vehicle In Transport,5,On Roadway,7,,,,,,9,Through Roadway,39.00759631,1,Daylight,3/24/2024,-76.92667263,N,27.43,F,N,No,,,75E8F1075E2C4E1E02C0ABBD390555EF3BBFBB2D58F62D243D8BC882C1AEEB0E,MU,1,No,,,,,1,Dry,,,No,,,,,,,2024,POINT (-76.926672631 39.007596309)
Prince George's,Property Damage Crashes,DA40500068,Prince George's County Police,Angle,Principal Arterial – Other,No,No,No,No,,1,UNITED STATE ROUTE,No,TRUE,No,9/18/2024,9/18/2024,16,PGCOPD,1,16,3,No,,Point,16:05,2024,Wednesday,12,Motor Vehicle In Transport,5,On Roadway,3,,,,,,2,Crossover-Related,39.00782174,1,Daylight,9/18/2024,-76.92949868,N,17.81,F,N,No,,,4382B3B4BE9E8AC10F540EB80345DA40F7ACBCFEE59AE027AA41F9E70A9411A5,US,1,No,,,,,1,Dry,,,No,,,,,,,2024,POINT (-76.929498681 39.007821739)
Prince George's,Injury Crashes,DA40500064,Prince George's County Police,Single Vehicle,Principal Arterial – Other,No,No,No,Yes,,1,UNITED STATE ROUTE,No,TRUE,No,8/8/2024,8/8/2024,16,PGCOPD,101,16,2,No,,Point,16:13,2024,Thursday,17,Pedestrian,5,On Roadway,3,,,,,,9,Through Roadway,39.00810748,1,Daylight,8/8/2024,-76.92940943,N,5.86,F,N,No,,,899FD5F658D29DCDFEDA3D690440EEC3040B9CF6358361886E60FF8D6421FC68,US,1,No,,,,,9,Wet,,,No,,,,,,,2024,POINT (-76.929409432 39.008107476)
Prince George's,Property Damage Crashes,DA4060005X,Prince George's County Police,"Sideswipe, Same Direction",Local,No,No,No,No,LIMESTONE PL,730,MUNICIPAL ROAD,No,TRUE,No,6/3/2024,6/3/2024,18,PGCOPD,7,16,3,No,,Point,18:30,2024,Monday,15,Parked Vehicle,5,On Roadway,7,,,,,,6,Non-Junction,39.00816089,1,Daylight,6/3/2024,-76.95509526,E,22.2,F,N,No,,,722742569372C623B5134987870BF99D29449812AE82E30C0C51FA0D4C3CF835,MU,1,No,,,,,1,Dry,,,No,,,,,,,2024,POINT (-76.955095259 39.00816089)
Prince George's,Property Damage Crashes,DA3447003K,Prince George's County Police,Unknown,Local,No,No,No,No,KENNEBUNK TERR,640,MUNICIPAL ROAD,No,TRUE,No,3/22/2024,3/22/2024,11,PGCOPD,99,16,3,No,,Point,11:44,2024,Friday,19,Strikes Object at Rest from Motor Vehicle In Transport,2,In Parking Lane Or Zone,7,,,,52ND AVE #1,,6,Non-Junction,39.00854224,1,Daylight,3/22/2024,-76.91652181,N,26.88,F,N,No,,,F4DBFA5A352791F4FB1AB052E39564B68F897906F4908062E961704349A2D662,MU,1,No,,,,,1,Dry,,,No,,,,,,,2024,POINT (-76.916521809 39.008542238)
Prince George's,Property Damage Crashes,DA4069009B,Prince George's County Police,Unknown,Local,No,No,No,No,DAVIDSON ST,340,MUNICIPAL ROAD,No,TRUE,No,8/5/2024,8/5/2024,3,PGCOPD,99,16,3,No,,Point,3:00,2024,Monday,12,Motor Vehicle In Transport,5,On Roadway,7,,,,,,9,Through Roadway,39.00867962,99,Unknown,8/5/2024,-76.95143472,N,24.18,F,N,No,,,D0180B9C1EF3D41302EFCB853B2ECEF1054BC0B09569F3F4AA52DE5676254050,MU,1,No,,,,,1,Dry,,,No,,,,,,,2024,POINT (-76.951434715 39.008679619)
Prince George's,Property Damage Crashes,DA325700D0,Prince George's County Police,Front to Rear,,No,No,No,No,RHODE ISLAND AVE (NB/L),171,MUNICIPAL ROAD,No,TRUE,No,12/20/2024,12/20/2024,14,PGCOPD,3,16,3,Yes,3,Point,14:39,2024,Friday,12,Motor Vehicle In Transport,5,On Roadway,,Perpendicular,,,KENESAW ST,3,5,Intersection or Related,39.00872188,1,Daylight,12/20/2024,-76.92278126,S,0,F,N,No,,,48ADC8CAE258EBD60515AD32AB7D8B6C530845F3CF844313CE0C7C49F4B8F8FD,MU,1,No,,,,,9,Wet,3,Stop - Partial,No,,,,,,,2024,POINT (-76.922781258 39.008721878)
Prince George's,Property Damage Crashes,DA3126000V,Prince George's County Police,Other,Principal Arterial – Other,No,No,No,No,BALTIMORE AVE,1,UNITED STATE ROUTE,No,TRUE,No,4/16/2024,4/16/2024,16,PGCOPD,98,16,3,No,,Point,16:20,2024,Tuesday,12,Motor Vehicle In Transport,5,On Roadway,3,,100,Local,,,6,Non-Junction,39.00887291,1,Daylight,4/16/2024,-76.92921954,E,6.79,F,N,No,,,C1958026C5246053B424927B763E1D7A697706430873C2F0815281C4C7E66DBB,US,1,No,,,,,1,Dry,,,No,,,,,,,2024,POINT (-76.92921953699999 39.008872913)
Prince George's,Property Damage Crashes,DA4050006H,Prince George's County Police,"Sideswipe, Same Direction",Local,No,No,No,No,WOFFORD LA,1250,MUNICIPAL ROAD,No,TRUE,No,11/10/2024,11/10/2024,13,PGCOPD,7,16,3,No,,Point,13:51,2024,Sunday,15,Parked Vehicle,5,On Roadway,7,,,,,,9,Through Roadway,39.00912281,1,Daylight,11/10/2024,-76.95059649,N,24.05,F,N,No,,,0F4BCC18530F353651B5D58FA7F83539E1A1B4D92BB59E098FEFB4D94560547E,MU,1,No,,,,,1,Dry,,,No,,,,,,,2024,POINT (-76.950596492 39.009122807)
Prince George's,Property Damage Crashes,DA418100DY,Prince George's County Police,Front to Rear,Principal Arterial – Other,No,No,No,No,BALTIMORE AVE,1,UNITED STATE ROUTE,No,TRUE,No,10/9/2024,10/9/2024,15,PGCOPD,3,16,3,No,,Point,15:44,2024,Wednesday,12,Motor Vehicle In Transport,5,On Roadway,3,,,,,,9,Through Roadway,39.00941471,1,Daylight,10/9/2024,-76.92906464,N,10.23,F,N,No,,,C3790F176219DFBF88EECC4C2A766F1709E8477A4162D1092C567CE45559A5EC,US,1,No,12,Motor Vehicle In Transport,5,On Roadway,1,Dry,,,No,,,,,,,2024,POINT (-76.92906463600001 39.009414712)
Prince George's,Property Damage Crashes,DA418100D1,Prince George's County Police,Other,Principal Arterial – Other,No,No,No,No,BALTIMORE AVE,1,UNITED STATE ROUTE,No,TRUE,No,5/10/2024,5/10/2024,16,PGCOPD,98,16,3,No,,Point,16:06,2024,Friday,12,Motor Vehicle In Transport,5,On Roadway,3,,,,,,9,Through Roadway,39.00945309,1,Daylight,5/10/2024,-76.92905513,S,5.08,F,N,No,,,C3790F176219DFBF88EECC4C2A766F1709E8477A4162D1092C567CE45559A5EC,US,1,No,12,Motor Vehicle In Transport,5,On Roadway,9,Wet,,,No,,,,,,,2024,POINT (-76.92905512999999 39.009453091)
Prince George's,Property Damage Crashes,DA4050005G,Prince George's County Police,Front to Rear,Local,No,No,No,No,MARLBROUGH WAY,810,MUNICIPAL ROAD,No,TRUE,No,1/28/2024,1/28/2024,12,PGCOPD,3,16,3,No,,Point,12:00,2024,Sunday,15,Parked Vehicle,7,"On Shoulder, Right Side",7,,,,,,6,Non-Junction,39.00948436,1,Daylight,1/28/2024,-76.94818267,W,1.37,F,N,No,,,9A14C39FBE1775613AF952478D7E504FCC72908E5F7A0FD7DF0BE7EB7FDC61FB,MU,1,No,,,,,9,Wet,,,No,,,,,,,2024,POINT (-76.94818266999999 39.009484358)
Prince George's,Injury Crashes,DA4268004T,Prince George's County Police,Single Vehicle,Local,No,No,No,No,HOLLYWOOD RD,580,MUNICIPAL ROAD,Yes,TRUE,No,1/16/2024,1/16/2024,20,PGCOPD,101,16,2,Unknown,,Point,20:14,2024,Tuesday,30,Fence,5,On Roadway,7,,100,Local,NARRAGANSETT PKWY #2,,99,Unknown,39.00953255,3,Dark - Lighted,1/16/2024,-76.91673256,W,9.83,F,N,No,,,54A7FF4E10FE9E48CF141C8BAACDD95A917F208DBE2A09A191B7AE0A5851F8BB,MU,1,No,,,,,2,Ice/Frost,,,No,,,,,,,2024,POINT (-76.916732563 39.009532545)
Prince George's,Property Damage Crashes,DA4050006L,Prince George's County Police,Single Vehicle,Principal Arterial – Other,No,No,No,No,,1,UNITED STATE ROUTE,No,TRUE,No,12/7/2024,12/7/2024,2,PGCOPD,101,16,3,No,,Point,2:03,2024,Saturday,41,Utility Pole/Light Support,9,Roadside,3,,,,,,9,Through Roadway,39.00964006,3,Dark - Lighted,12/7/2024,-76.92901311,N,16.25,F,N,No,,,29094FF8667038EBF54E68B9AD55D229B509DB1BA305746E9A80288E3484BFBE,US,1,No,,,,,1,Dry,,,No,,,,,,,2024,POINT (-76.92901311 39.009640055)
Prince George's,Property Damage Crashes,DA42680066,Prince George's County Police,"Sideswipe, Same Direction",Local,No,No,No,No,RHODE ISLAND RD,1090,MUNICIPAL ROAD,No,TRUE,No,9/20/2024,9/20/2024,19,PGCOPD,7,16,3,No,,Point,19:41,2024,Friday,15,Parked Vehicle,5,On Roadway,7,,,,,,9,Through Roadway,39.00995387,4,Dark - Not Lighted,9/20/2024,-76.92229703,N,11.35,F,N,No,,,EB0DACD265B810801DE9212B11B20D329015F13AB8762B4AEC29BD750628D08B,MU,1,No,,,,,1,Dry,,,No,,,,,,,2024,POINT (-76.922297031 39.009953873)
Prince George's,Property Damage Crashes,DA4050005B,Prince George's County Police,"Sideswipe, Same Direction",Local,No,No,No,No,48TH AVE #3,9483,MUNICIPAL ROAD,No,TRUE,No,1/14/2024,1/14/2024,10,PGCOPD,7,16,3,No,,Point,10:00,2024,Sunday,15,Parked Vehicle,2,In Parking Lane Or Zone,7,,,,,,9,Through Roadway,39.01011069,1,Daylight,1/14/2024,-76.92668354,W,10.17,F,N,No,,,8AD54101C81E3C6A1AF5E52219FFC561AF3290FDA059C98C54A6831671DE2FD6,MU,1,No,,,,,1,Dry,,,No,,,,,,,2024,POINT (-76.926683535 39.010110689)
Prince George's,Property Damage Crashes,DA4381001T,Prince George's County Police,Other,Local,No,No,No,No,HOLLYWOOD RD,580,MUNICIPAL ROAD,No,TRUE,No,10/31/2024,10/31/2024,16,PGCOPD,98,16,3,No,,Point,16:00,2024,Thursday,12,Motor Vehicle In Transport,5,On Roadway,7,,,,50TH AVE,,1,Acceleration/Deceleration Lane,39.01026598,1,Daylight,10/31/2024,-76.92123033,E,5.21,F,N,No,,,70E8620DF120474B1F2E054C9A7672A419161B7FF7F3F7E240A9F3FDF91526D6,MU,1,No,,,,,1,Dry,,,No,,,,,,,2024,POINT (-76.921230326 39.010265976)
Prince George's,Property Damage Crashes,DA405100CH,Prince George's County Police,Single Vehicle,,No,No,No,No,,,,Yes,TRUE,No,1/5/2024,1/5/2024,19,PGCOPD,101,16,3,,,Point,19:19,2024,Friday,35,"Other Fixed Object (wall, building, tunnel, etc.)",2,In Parking Lane Or Zone,,,,,,,,,39.01035684,4,Dark - Not Lighted,1/5/2024,-76.92953444,,,F,N,Yes,102,Parking Lot Way,,,1,No,97,Not Applicable,,,,,,,No,,,,,,,2024,POINT (-76.92953444 39.010356837)
Prince George's,Property Damage Crashes,DA41930075,Prince George's County Police,Unknown,,No,No,No,No,RHODE ISLAND AVE (NB/L),171,MUNICIPAL ROAD,No,TRUE,No,3/24/2024,3/24/2024,16,PGCOPD,99,16,3,No,,Point,16:00,2024,Sunday,36,"Other Post, Pole, Or Support",7,"On Shoulder, Right Side",,,100,Local,,,6,Non-Junction,39.01044726,1,Daylight,3/24/2024,-76.92231391,N,52.3,F,N,No,,,8A2185D0EB78701124285F980CDAF970E8C8E9350272FEAE5873206B390055F9,MU,1,No,,,,,1,Dry,,,No,,,,,,,2024,POINT (-76.922313914 39.010447263)
Prince George's,Property Damage Crashes,DA40690097,Prince George's County Police,Single Vehicle,,No,No,No,No,RHODE ISLAND AVE (NB/L),171,MUNICIPAL ROAD,No,TRUE,No,7/14/2024,7/14/2024,0,PGCOPD,101,16,3,Yes,,Point,0:17,2024,Sunday,36,"Other Post, Pole, Or Support",5,On Roadway,,,,,HOLLYWOOD RD,,9,Through Roadway,39.01046895,3,Dark - Lighted,7/14/2024,-76.92239294,E,19.33,F,N,No,,,A5B2542A576CEB97DBEF3882A679B002F11F56FDA8FDA35B510E5C857E919E5D,MU,1,No,,,,,1,Dry,,,No,,,,,,,2024,POINT (-76.92239293999999 39.010468951)
Prince George's,Property Damage Crashes,DA4060005S,Prince George's County Police,"Sideswipe, Same Direction",Local,No,No,No,No,48TH AVE #3,9483,MUNICIPAL ROAD,No,TRUE,No,1/14/2024,1/14/2024,4,PGCOPD,7,16,3,No,,Point,4:07,2024,Sunday,15,Parked Vehicle,7,"On Shoulder, Right Side",7,,,,,,6,Non-Junction,39.01052434,3,Dark - Lighted,1/14/2024,-76.92643475,W,47.73,F,N,No,,,BB5AF93B3B97FD5092F40426BAF52B42B0EF967FD2641B1D99985B976709BD17,MU,1,No,15,Parked Vehicle,6,"On Shoulder, Left Side",1,Dry,,,No,,,,,,,2024,POINT (-76.92643474800001 39.010524337)
Prince George's,Property Damage Crashes,DA39650082,Prince George's County Police,"Sideswipe, Same Direction",Local,No,No,No,No,51ST AVE,9510,MUNICIPAL ROAD,No,TRUE,No,2/29/2024,2/29/2024,9,PGCOPD,7,16,3,Yes,,Point,9:56,2024,Thursday,15,Parked Vehicle,9,Roadside,7,,,,,,99,Unknown,39.01065298,1,Daylight,2/29/2024,-76.91923298,S,59.48,F,N,No,,,4C0D792BFC5A7BB4914E0C9799C13F09468E6685EBBA272762E9E1811EAC49E7,MU,2,"Yes, School Bus Directly Involved",,,,,1,Dry,,,No,,,,,,,2024,POINT (-76.91923298 39.010652983)
Prince George's,Injury Crashes,DA2910002Q,Prince George's County Police,Other,Principal Arterial – Other,Yes,No,No,No,BALTIMORE AVE,1,UNITED STATE ROUTE,No,TRUE,No,7/13/2024,7/13/2024,17,PGCOPD,98,16,2,No,,Point,17:54,2024,Saturday,12,Motor Vehicle In Transport,5,On Roadway,3,,,,,,9,Through Roadway,39.01066006,1,Daylight,7/13/2024,-76.92870859,S,38.34,F,N,No,,,B9F46BFC5B519C38ADC5489D8C5AE33B12E0934C29CB32853F2310CFDC29194B,US,1,No,27,Curb,9,Roadside,1,Dry,,,No,,,,,,,2024,POINT (-76.928708585 39.010660062)
Prince George's,Property Damage Crashes,DA40690099,Prince George's County Police,Single Vehicle,,No,No,No,No,,,,No,TRUE,No,7/27/2024,7/27/2024,11,PGCOPD,101,16,3,,,Point,11:30,2024,Saturday,35,"Other Fixed Object (wall, building, tunnel, etc.)",5,On Roadway,,,102,Federal,,,,,39.01118898,1,Daylight,7/27/2024,-76.92772416,,,F,N,Yes,102,Parking Lot Way,,,1,No,35,"Other Fixed Object (wall, building, tunnel, etc.)",2,In Parking Lane Or Zone,,,,,No,,,,,,,2024,POINT (-76.927724158 39.011188981)
Prince George's,Property Damage Crashes,DA4268006F,Prince George's County Police,Front to Rear,Local,No,No,No,No,48TH PL,9485,MUNICIPAL ROAD,No,TRUE,No,10/20/2024,10/20/2024,7,PGCOPD,3,16,3,No,,Point,7:06,2024,Sunday,15,Parked Vehicle,2,In Parking Lane Or Zone,7,,,,,,9,Through Roadway,39.0112365,5,Dark - Unknown Lighting,10/20/2024,-76.92536217,N,10.08,F,N,No,,,02D01FA18C71D1AE3BB2CBDEFFA40ACD20B465871AAD239EA526B5DFB3C8761A,MU,1,No,,,,,1,Dry,,,No,,,,,,,2024,POINT (-76.925362166 39.011236503)
Prince George's,Property Damage Crashes,DA4050005P,Prince George's County Police,Front to Rear,Principal Arterial – Other,No,No,No,No,BALTIMORE AVE,1,UNITED STATE ROUTE,No,TRUE,No,3/24/2024,3/24/2024,15,PGCOPD,3,16,3,No,,Point,15:38,2024,Sunday,12,Motor Vehicle In Transport,5,On Roadway,3,,,,,,9,Through Roadway,39.01164053,1,Daylight,3/24/2024,-76.92840437,S,40.3,F,N,No,,,B3DF99234A218E9C51BDC2D0CE68780C56C041696E9E88237B16C5FEE3E8F721,US,1,No,,,,,1,Dry,,,No,,,,,,,2024,POINT (-76.928404368 39.011640529)
Prince George's,Property Damage Crashes,DA4050005L,Prince George's County Police,Front to Rear,Principal Arterial – Other,No,No,No,No,,1,UNITED STATE ROUTE,No,TRUE,No,3/17/2024,3/17/2024,12,PGCOPD,3,16,3,No,,Point,12:45,2024,Sunday,12,Motor Vehicle In Transport,5,On Roadway,3,,,,,,9,Through Roadway,39.01204687,1,Daylight,3/17/2024,-76.92829671,N,9.15,F,N,No,,,FF4037BBCD5D47E2E74CD966B86A490512FC7EBDF8688C6A7C00912C91DD4402,US,1,No,,,,,1,Dry,,,No,,,,,,,2024,POINT (-76.92829670499999 39.012046871)
Prince George's,Injury Crashes,DA3496001R,Prince George's County Police,Rear To Side,Local,No,No,No,No,RHODE ISLAND AVE SERVICE RD,780,MUNICIPAL ROAD,No,TRUE,No,9/1/2024,9/1/2024,12,PGCOPD,5,16,2,No,,Point,12:02,2024,Sunday,15,Parked Vehicle,5,On Roadway,7,,,,,,9,Through Roadway,39.01213904,1,Daylight,9/1/2024,-76.92208881,S,18.96,F,N,No,,,2DE92A64457997FB97F1082A9E42C324E743A0F6BB3756CA0C20804396B88EFE,MU,1,No,30,Fence,9,Roadside,1,Dry,,,No,,,,,,,2024,POINT (-76.922088809 39.012139044)
Prince George's,Property Damage Crashes,DA418100D0,Prince George's County Police,Front to Rear,Principal Arterial – Other,No,No,No,No,BALTIMORE AVE,1,UNITED STATE ROUTE,No,TRUE,No,5/10/2024,5/10/2024,14,PGCOPD,3,16,3,No,,Point,14:36,2024,Friday,12,Motor Vehicle In Transport,5,On Roadway,3,,,,,,9,Through Roadway,39.01255358,1,Daylight,5/10/2024,-76.9281836,E,6.49,F,N,No,,,745578668798C553325BF9A8A34C380B9608F29D84A14619B2DD3B9A9CB7B42D,US,1,No,12,Motor Vehicle In Transport,5,On Roadway,9,Wet,,,No,,,,,,,2024,POINT (-76.928183604 39.012553579)
Prince George's,Property Damage Crashes,DA4069009D,Prince George's County Police,Angle,Local,No,No,No,No,LACKAWANNA ST #1,681,MUNICIPAL ROAD,No,TRUE,No,9/3/2024,9/3/2024,20,PGCOPD,1,16,3,Yes,,Point,20:59,2024,Tuesday,12,Motor Vehicle In Transport,5,On Roadway,7,,,,47TH PL,,9,Through Roadway,39.01277595,3,Dark - Lighted,9/3/2024,-76.92703296,S,10.85,F,N,No,,,9D0B3F6F9CF1567AEC7C278A99087914CB600C248A36B77A3D76CE9BE376D590,MU,1,No,,,,,1,Dry,,,No,,,,,,,2024,POINT (-76.927032963 39.01277595)