Crash_County_Description,Crash_Severity_Description,Reportnumber,Agencyname,CollisionImpact_Description,FunctionalClass_Description,ImpairedCrash,Large_Vehicle_Involved,Motorcycle_Crash,Non-Motorist_Crash,RoadName,Route_Number,RouteType_Description,Unrestrained_Occupants,WithinDateRange,Work_Zone_Related,Crashdate,LOD_Crash_Date,Crashhour,AgencyCode,CollisionImpact,Crash_County,Crash_Severity,Crash_Within_Interchange,CrashInterchangeApproaches,CrashPoint,Crashtime,CrashYear,Dayofweek,FirstHarmEvent,FirstHarmEvent_Description,FirstHarmLocation,FirstHarmLocation_Description,FunctionalClass,Geometry_Description,GovPropertyDamage,GovPropertyDamage_Description,IntersectingRoadName,Intersection_Geometry,JunctionRelated,JunctionRelated_Description,Latitude,Light,Light_Description,LOD_Date_Level,Longitude,MilepointDirection,MilepointDistance,MilepointUnits,NonTrafficFatal,OffRoad,OffroadLocation,OffroadLocation_Description,RoadID,RouteType,SchoolBusRelated,SchoolBusRelated_Description,SecondHarmEvent,SecondHarmEvent_Description,SecondHarmLocation,SecondHarmLocation_Description,Surface,Surface_Description,TrafficControl,Trafficcontrol_Description,Work_Zone_Crash,WZLawEnforcementPresent,WZLocation,WZLocation_Description,WZType,WZType_Description,WZWorkersPresent,year,geometry
Prince George's,Property Damage Crashes,DA418100DS,Prince George's County Police,Single Vehicle,Local,No,No,No,No,RHODE ISLAND RD,1090,MUNICIPAL ROAD,No,TRUE,No,9/11/2024,9/11/2024,18,PGCOPD,101,16,3,No,,Point,18:58,2024,Wednesday,36,"Other Post, Pole, Or Support",5,On Roadway,7,,100,Local,,,9,Through Roadway,39.01290132,1,Daylight,9/11/2024,-76.92150067,N,11.13,F,N,No,,,C2C6069CCF444D773AC0B86A02056762774520A1FB8C9540CD039999DA94CA7B,MU,1,No,,,,,1,Dry,,,No,,,,,,,2024,POINT (-76.921500669 39.012901315)
Prince George's,Property Damage Crashes,DA4268005W,Prince George's County Police,Single Vehicle,Principal Arterial – Other,No,No,No,No,BALTIMORE AVE,1,UNITED STATE ROUTE,No,TRUE,No,8/1/2024,8/1/2024,22,PGCOPD,101,16,3,No,,Point,22:52,2024,Thursday,13,Other Non-Fixed Object,5,On Roadway,3,,,,,,99,Unknown,39.01338835,3,Dark - Lighted,8/1/2024,-76.92801602,S,42.47,F,N,No,,,33FC950095509484BCA0C56FD510A5DF360AD3F88E407C49864B9C98EE882975,US,1,No,,,,,1,Dry,,,No,,,,,,,2024,POINT (-76.928016023 39.013388352)
Prince George's,Property Damage Crashes,DA418100CR,Prince George's County Police,Other,Principal Arterial – Other,No,No,No,No,,1,UNITED STATE ROUTE,No,TRUE,No,4/17/2024,4/17/2024,6,PGCOPD,98,16,3,No,,Point,6:29,2024,Wednesday,12,Motor Vehicle In Transport,5,On Roadway,3,,,,,,9,Through Roadway,39.01341317,1,Daylight,4/17/2024,-76.92795268,S,18.31,F,N,No,,,139A6AB73E2795B15B3F39128BCE8911E6AD145DF64CC2FBC69E973FF7F0EB3B,US,1,No,12,Motor Vehicle In Transport,5,On Roadway,1,Dry,,,No,,,,,,,2024,POINT (-76.927952676 39.013413165)
Prince George's,Injury Crashes,DA418100DX,Prince George's County Police,Single Vehicle,Principal Arterial – Other,No,No,No,Yes,BALTIMORE AVE,1,UNITED STATE ROUTE,No,TRUE,No,10/6/2024,10/6/2024,19,PGCOPD,101,16,2,No,,Point,19:29,2024,Sunday,17,Pedestrian,5,On Roadway,3,,,,,,9,Through Roadway,39.01372264,4,Dark - Not Lighted,10/6/2024,-76.92779591,S,18.61,F,N,No,,,73D224B63D99A6291F791135B0D481C9E4D0E0E5B6A68EC2C3A7D51C744B1F98,US,1,No,12,Motor Vehicle In Transport,5,On Roadway,1,Dry,,,No,,,,,,,2024,POINT (-76.927795906 39.013722643)
Prince George's,Injury Crashes,DA3496001L,Prince George's County Police,Front to Rear,Principal Arterial – Other,No,No,No,No,BALTIMORE AVE,1,UNITED STATE ROUTE,No,TRUE,No,6/23/2024,6/23/2024,11,PGCOPD,3,16,2,No,,Point,11:02,2024,Sunday,12,Motor Vehicle In Transport,5,On Roadway,3,,,,,,6,Non-Junction,39.01397981,1,Daylight,6/23/2024,-76.92774089,S,10.1,F,N,No,,,5E57F53B85C6640526447795E2AEE07C8DB04D2835D8B8D009D87E6D6A2A5A89,US,1,No,12,Motor Vehicle In Transport,5,On Roadway,1,Dry,,,No,,,,,,,2024,POINT (-76.927740894 39.013979811)
Prince George's,Property Damage Crashes,DA4142006Z,Prince George's County Police,"Sideswipe, Same Direction",Principal Arterial – Other,No,No,No,No,BALTIMORE AVE (SB/L),1,UNITED STATE ROUTE,No,TRUE,No,2/9/2024,2/9/2024,17,PGCOPD,7,16,3,No,,Point,17:00,2024,Friday,12,Motor Vehicle In Transport,5,On Roadway,3,,,,,,4,Entrance/Exit Ramp or Related,39.01426434,1,Daylight,2/9/2024,-76.92784045,S,15.66,F,N,No,,,D55C241B0DCE9EEF66EB1C60CCF2B0EAE4E8A2D3A234658F05745E852E4BD008,US,1,No,,,,,1,Dry,,,No,,,,,,,2024,POINT (-76.92784044699999 39.014264338)
Prince George's,Property Damage Crashes,DA378000F2,Prince George's County Police,"Sideswipe, Same Direction",Minor Arterial,No,No,No,No,CHERRY HILL RD,14,COUNTY ROAD,No,TRUE,No,6/4/2024,6/4/2024,21,PGCOPD,7,16,3,Yes,3,Point,21:00,2024,Tuesday,12,Motor Vehicle In Transport,5,On Roadway,4,Perpendicular,,,BALTIMORE AVE (SB/L),3,5,Intersection or Related,39.01430126,3,Dark - Lighted,6/4/2024,-76.92752823,W,0,F,N,No,,,7ED36AF4A2A915AFC0286FCA3994B93CD0F7CFEE2BE0A030BF7EC46E9B039DAA,CO,1,No,97,Not Applicable,,,1,Dry,1,Signalized,No,,,,,,,2024,POINT (-76.927528231 39.014301256)
Prince George's,Property Damage Crashes,DA418100DJ,Prince George's County Police,Other,Principal Arterial – Other,No,Yes,No,No,BALTIMORE AVE (SB/L),1,UNITED STATE ROUTE,No,TRUE,No,8/9/2024,8/9/2024,20,PGCOPD,98,16,3,No,,Point,20:33,2024,Friday,12,Motor Vehicle In Transport,5,On Roadway,3,,,,,,9,Through Roadway,39.01437477,1,Daylight,8/9/2024,-76.9278105,E,13.63,F,N,No,,,BE2092DAB0F41277F12749538C4A4A50D3C1D6CE9F4572D349B310445C7439EA,US,1,No,12,Motor Vehicle In Transport,5,On Roadway,1,Dry,,,No,,,,,,,2024,POINT (-76.927810495 39.014374769)
Prince George's,Property Damage Crashes,DA43320034,Prince George's County Police,Front to Rear,Principal Arterial – Other,No,No,No,No,BALTIMORE AVE (SB/L),1,UNITED STATE ROUTE,No,TRUE,No,11/19/2024,11/19/2024,10,PGCOPD,3,16,3,No,,Point,10:00,2024,Tuesday,12,Motor Vehicle In Transport,5,On Roadway,3,,,,,,99,Unknown,39.01440474,1,Daylight,11/19/2024,-76.92763994,W,36.05,F,N,No,,,BE2092DAB0F41277F12749538C4A4A50D3C1D6CE9F4572D349B310445C7439EA,US,1,No,,,,,1,Dry,,,No,,,,,,,2024,POINT (-76.927639943 39.014404738)
Prince George's,Injury Crashes,DA4102007W,Prince George's County Police,"Sideswipe, Opposite Direction",Principal Arterial – Other,No,No,No,No,BALTIMORE AVE (SB/L),1,UNITED STATE ROUTE,No,TRUE,No,7/21/2024,7/21/2024,2,PGCOPD,6,16,2,Yes,,Point,2:38,2024,Sunday,12,Motor Vehicle In Transport,5,On Roadway,3,,,,,,2,Crossover-Related,39.01441965,3,Dark - Lighted,7/21/2024,-76.92780083,S,16.68,F,N,No,,,BE2092DAB0F41277F12749538C4A4A50D3C1D6CE9F4572D349B310445C7439EA,US,1,No,12,Motor Vehicle In Transport,5,On Roadway,1,Dry,,,No,,,,,,,2024,POINT (-76.927800827 39.014419646)
Prince George's,Property Damage Crashes,DA40690095,Prince George's County Police,Front to Rear,Principal Arterial – Other,No,No,No,No,BALTIMORE AVE (SB/L),1,UNITED STATE ROUTE,No,TRUE,No,7/9/2024,7/9/2024,17,PGCOPD,3,16,3,Yes,,Point,17:43,2024,Tuesday,12,Motor Vehicle In Transport,5,On Roadway,3,,,,,,9,Through Roadway,39.01444126,1,Daylight,7/9/2024,-76.9277718,S,20.97,F,N,No,,,BE2092DAB0F41277F12749538C4A4A50D3C1D6CE9F4572D349B310445C7439EA,US,1,No,,,,,1,Dry,,,No,,,,,,,2024,POINT (-76.92777179799999 39.014441264)
Prince George's,Property Damage Crashes,DA421200C0,Prince George's County Police,Front to Rear,Principal Arterial – Other,No,No,No,No,BALTIMORE AVE (SB/L),1,UNITED STATE ROUTE,No,TRUE,No,4/16/2024,4/16/2024,8,PGCOPD,3,16,3,No,,Point,8:44,2024,Tuesday,12,Motor Vehicle In Transport,5,On Roadway,3,,,,,,9,Through Roadway,39.014479,1,Daylight,4/16/2024,-76.92777031,S,34.65,F,N,No,,,BE2092DAB0F41277F12749538C4A4A50D3C1D6CE9F4572D349B310445C7439EA,US,1,No,,,,,1,Dry,,,No,,,,,,,2024,POINT (-76.927770314 39.014479004)
Prince George's,Property Damage Crashes,DA40690091,Prince George's County Police,"Sideswipe, Same Direction",Minor Arterial,No,Yes,No,No,CHERRY HILL RD,14,COUNTY ROAD,No,TRUE,No,6/10/2024,6/10/2024,9,PGCOPD,7,16,3,Yes,,Point,9:53,2024,Monday,12,Motor Vehicle In Transport,5,On Roadway,4,,100,Local,,,9,Through Roadway,39.01456535,1,Daylight,6/10/2024,-76.9281682,E,38.85,F,N,No,,,031C63A93A55098A030D486EC80720E7C51C9166C406724905AD4CFD6D39EBCE,CO,2,"Yes, School Bus Directly Involved",,,,,1,Dry,,,No,,,,,,,2024,POINT (-76.92816820199999 39.014565353)
Prince George's,Injury Crashes,DA4058006Y,Prince George's County Police,Single Vehicle,Principal Arterial – Other,No,No,No,No,BALTIMORE AVE (SB/L),1,UNITED STATE ROUTE,No,TRUE,No,8/9/2024,8/9/2024,22,PGCOPD,101,16,2,Unknown,,Point,22:17,2024,Friday,27,Curb,9,Roadside,3,,,,,,99,Unknown,39.01459174,3,Dark - Lighted,8/9/2024,-76.92780673,E,27.66,F,N,No,,,2F2B6AFB5EC3F2B56B9FE85FDBBA70043A7A4D7E63964ECE7434355F0FACE2AD,US,1,No,97,Not Applicable,,,1,Dry,,,No,,,,,,,2024,POINT (-76.92780672799999 39.014591736)
Prince George's,Property Damage Crashes,DA405100CZ,Prince George's County Police,"Sideswipe, Same Direction",,No,Yes,No,No,,616,SPUR,No,TRUE,No,10/21/2024,10/21/2024,18,PGCOPD,7,16,3,No,,Point,18:59,2024,Monday,12,Motor Vehicle In Transport,5,On Roadway,,,,,,,6,Non-Junction,39.01490509,1,Daylight,10/21/2024,-76.92769177,S,11.93,F,N,No,,,A80EF3575C8D9AA04342EDB211169E2473E20FE96461CD7F86CE1C11816D86A7,SP,1,No,,,,,1,Dry,,,No,,,,,,,2024,POINT (-76.927691771 39.014905089)
Prince George's,Property Damage Crashes,DA4381001G,Prince George's County Police,"Sideswipe, Same Direction",Minor Arterial,No,No,No,No,CHERRY HILL RD (EB/L),14,COUNTY ROAD,Yes,TRUE,No,9/24/2024,9/24/2024,17,PGCOPD,7,16,3,No,,Point,17:30,2024,Tuesday,12,Motor Vehicle In Transport,5,On Roadway,4,,,,,,6,Non-Junction,39.01514123,1,Daylight,9/24/2024,-76.92893831,N,64.18,F,N,No,,,7E77A5FCF2CAD59D12F098FE78AC3B614EE2F5856C2DF3A15D508E7A9E11BE93,CO,1,No,,,,,9,Wet,,,No,,,,,,,2024,POINT (-76.92893831000001 39.015141225)
Prince George's,Property Damage Crashes,DA4069008M,Prince George's County Police,"Sideswipe, Same Direction",Minor Arterial,No,No,No,No,CHERRY HILL RD,14,COUNTY ROAD,No,TRUE,No,2/18/2024,2/18/2024,12,PGCOPD,7,16,3,No,,Point,12:44,2024,Sunday,12,Motor Vehicle In Transport,5,On Roadway,4,,,,,,9,Through Roadway,39.01515182,1,Daylight,2/18/2024,-76.92898044,N,19.46,F,N,No,,,ECCCD24FA67E9BA2BAD66A87B4CD4493B8815A2B9E12B17B5BD9BCAC4DAB81DD,CO,1,No,,,,,1,Dry,,,No,,,,,,,2024,POINT (-76.92898043700001 39.015151824)
Prince George's,Property Damage Crashes,DA3438000Y,Prince George's County Police,"Sideswipe, Opposite Direction",Minor Arterial,No,No,No,No,CHERRY HILL RD,14,COUNTY ROAD,No,TRUE,No,3/5/2024,3/5/2024,10,PGCOPD,6,16,3,No,,Point,10:04,2024,Tuesday,12,Motor Vehicle In Transport,5,On Roadway,4,,,,,,6,Non-Junction,39.01531991,1,Daylight,3/5/2024,-76.92923939,N,33.16,F,N,No,,,776916A4C3D7F62649A01348B8FB97E0E155B98991250143DF804362C178DC92,CO,1,No,12,Motor Vehicle In Transport,5,On Roadway,9,Wet,,,No,,,,,,,2024,POINT (-76.929239385 39.015319907)
Prince George's,Injury Crashes,DA4069009N,Prince George's County Police,Single Vehicle,Local,No,No,No,Yes,EDGEWOOD RD,440,MUNICIPAL ROAD,No,TRUE,No,11/12/2024,11/12/2024,8,PGCOPD,101,16,2,Yes,2,Point,8:19,2024,Tuesday,17,Pedestrian,5,On Roadway,7,Roundabout/Traffic Circle,,,,2,5,Intersection or Related,39.01548763,1,Daylight,11/12/2024,-76.91143135,S,0,F,N,No,,,919FF4B847C9BF2C4EF279657C08D5F91510C6544224946B7CC25A23D67D8432,MU,1,No,,,,,1,Dry,3,Stop - Partial,No,,,,,,,2024,POINT (-76.91143134799999 39.015487627)
Prince George's,Injury Crashes,DA389000QX,Prince George's County Police,Front to Rear,Minor Arterial,No,No,No,No,CHERRY HILL RD (EB/L),14,COUNTY ROAD,No,TRUE,No,8/10/2024,8/10/2024,23,PGCOPD,3,16,2,Yes,,Point,23:20,2024,Saturday,12,Motor Vehicle In Transport,5,On Roadway,4,,,,,,4,Entrance/Exit Ramp or Related,39.0157242,3,Dark - Lighted,8/10/2024,-76.92984219,N,4.52,F,N,No,,,7B945726DDA51185EA1E7B4DA7EB51C99F501FD2F65E406EDA0403B069849C70,CO,1,No,,,,,1,Dry,,,No,,,,,,,2024,POINT (-76.929842192 39.015724201)
Prince George's,Property Damage Crashes,DA37260098,Prince George's County Police,Other,Minor Arterial,No,No,No,No,CHERRY HILL RD (EB/L),14,COUNTY ROAD,No,TRUE,No,9/21/2024,9/21/2024,18,PGCOPD,98,16,3,Yes,,Point,18:10,2024,Saturday,12,Motor Vehicle In Transport,5,On Roadway,4,,,,,,10,"Other Location Not Listed Above Within an Interchange Area (median,
shoulder and roadside)",39.01575661,1,Daylight,9/21/2024,-76.92981749,S,12.14,F,N,No,,,7B945726DDA51185EA1E7B4DA7EB51C99F501FD2F65E406EDA0403B069849C70,CO,1,No,,,,,1,Dry,,,No,,,,,,,2024,POINT (-76.929817493 39.015756609)
Prince George's,Property Damage Crashes,MSP757700GK,Maryland State Police,Front to Rear,Principal Arterial – Other,No,No,No,No,BALTIMORE AVE (SB/L),1,UNITED STATE ROUTE,No,TRUE,No,12/22/2024,12/22/2024,18,MSP,3,16,3,No,,Point,18:26,2024,Sunday,12,Motor Vehicle In Transport,5,On Roadway,3,,,,,,9,Through Roadway,39.01584077,3,Dark - Lighted,12/22/2024,-76.92738468,N,12.48,F,N,No,,,8134EDE2E3C158DADAB20D3CA27398B6B677D10E3A952C67ABAFBC052751B32B,US,1,No,97,Not Applicable,,,1,Dry,,,No,,,,,,,2024,POINT (-76.927384683 39.015840767)
Prince George's,Property Damage Crashes,DA42680064,Prince George's County Police,Front to Rear,,No,No,No,No,RHODE ISLAND AVE (NB/L),171,MUNICIPAL ROAD,No,TRUE,No,9/12/2024,9/12/2024,17,PGCOPD,3,16,3,Yes,,Point,17:01,2024,Thursday,12,Motor Vehicle In Transport,5,On Roadway,,,,,,,9,Through Roadway,39.01592344,1,Daylight,9/12/2024,-76.92084201,N,40.05,F,N,No,,,5A5BB6C0CDE35985304C8C6A9C81BD5B7AF3FE8520B0EE2AB3BB126E1B2C18D9,MU,1,No,,,,,1,Dry,,,No,,,,,,,2024,POINT (-76.920842007 39.015923435)
Prince George's,Property Damage Crashes,DA4069008N,Prince George's County Police,Front to Rear,Principal Arterial – Other,No,No,No,No,BALTIMORE AVE,1,UNITED STATE ROUTE,No,TRUE,No,2/27/2024,2/27/2024,18,PGCOPD,3,16,3,Yes,,Point,18:33,2024,Tuesday,12,Motor Vehicle In Transport,5,On Roadway,3,,,,EDGEWOOD RD NO NAME,,9,Through Roadway,39.01594801,3,Dark - Lighted,2/27/2024,-76.92717514,N,12.4,F,N,No,,,715801E325358DA787957E62EF5DD838B607D070EE8757BBFE9B486CBFC04F0E,US,1,No,,,,,1,Dry,,,No,,,,,,,2024,POINT (-76.927175139 39.015948013)
Prince George's,Property Damage Crashes,DA4069008S,Prince George's County Police,"Sideswipe, Opposite Direction",Principal Arterial – Other,No,No,No,No,BALTIMORE AVE,1,UNITED STATE ROUTE,No,TRUE,No,4/13/2024,4/13/2024,20,PGCOPD,6,16,3,Yes,,Point,20:44,2024,Saturday,12,Motor Vehicle In Transport,5,On Roadway,3,,,,,,9,Through Roadway,39.01599157,3,Dark - Lighted,4/13/2024,-76.92715488,N,21.11,F,N,No,,,3390D68E279E0C919034F01D8FC4E5840C7EF964BD4B2901AEFC78385058116A,US,1,No,,,,,1,Dry,,,No,,,,,,,2024,POINT (-76.92715488 39.01599157)
Prince George's,Property Damage Crashes,MSP741900CM,Maryland State Police,"Sideswipe, Opposite Direction",Local,No,Yes,No,No,EDGEWOOD RD,440,MUNICIPAL ROAD,No,TRUE,No,12/12/2024,12/12/2024,19,MSP,6,16,3,No,,Point,19:10,2024,Thursday,12,Motor Vehicle In Transport,5,On Roadway,7,,,,,,6,Non-Junction,39.01599483,3,Dark - Lighted,12/12/2024,-76.92706522,E,16.92,F,N,No,,,12BF80AFBF474F5BC7BDB46A77FED8DE4B61788A8BFC5252187973942FE15641,MU,2,"Yes, School Bus Directly Involved",,,,,1,Dry,,,No,,,,,,,2024,POINT (-76.927065218 39.015994827)
Prince George's,Property Damage Crashes,MSP78650009,Maryland State Police,Front to Front,Interstate,No,No,No,No,RAMP 6 FR RAMP 10 (FR IS 495) TO US 1 SB,95,RAMP,No,TRUE,No,12/12/2024,12/12/2024,8,MSP,2,16,3,Yes,4,Point,8:02,2024,Thursday,12,Motor Vehicle In Transport,5,On Roadway,1,Angled/Skewed,,,BALTIMORE AVE (SB/L) NO NAME,1,5,Intersection or Related,39.01602503,1,Daylight,12/12/2024,-76.92726554,N,0,F,N,No,,,C05BBB3C534D706FE9EB5A199725A4BE68C86FE5B43FF15DEB3BBCF4EC6AB93B,RP,1,No,,,,,1,Dry,1,Signalized,No,,,,,,,2024,POINT (-76.927265537 39.016025025)
Prince George's,Injury Crashes,DA4331002S,Prince George's County Police,"Sideswipe, Same Direction",Minor Arterial,No,No,No,No,CHERRY HILL RD,14,COUNTY ROAD,Yes,TRUE,No,6/22/2024,6/22/2024,22,PGCOPD,7,16,2,No,,Point,22:15,2024,Saturday,12,Motor Vehicle In Transport,99,Unknown,4,,,,,,6,Non-Junction,39.01604994,3,Dark - Lighted,6/22/2024,-76.93052499,N,18.28,F,N,No,,,68B0D9ACC7801EFF221E35302EF964E934471BE991BE6C854A8A1047F72A579A,CO,1,No,,,,,1,Dry,,,No,,,,,,,2024,POINT (-76.93052499 39.016049941)
Prince George's,Property Damage Crashes,DA4050006D,Prince George's County Police,Angle,,No,No,No,No,NO NAME,1808,LOCAL ROAD,No,TRUE,No,10/13/2024,10/13/2024,21,PGCOPD,1,16,3,No,,Point,21:05,2024,Sunday,12,Motor Vehicle In Transport,5,On Roadway,,,,,,,9,Through Roadway,39.01606442,3,Dark - Lighted,10/13/2024,-76.9271893,S,26.08,F,N,No,,,21F2EC8AF05E073C3B479716DB0F98ABCADBB877454FCC04526CDE453BC2AF97,LL,1,No,,,,,1,Dry,,,No,,,,,,,2024,POINT (-76.92718929900001 39.016064418)
Prince George's,Property Damage Crashes,DA35610042,Prince George's County Police,Front to Rear,Major Collector,No,No,No,No,RHODE ISLAND AVE,171,MUNICIPAL ROAD,No,TRUE,No,5/23/2024,5/23/2024,15,PGCOPD,3,16,3,Yes,4,Point,15:30,2024,Thursday,12,Motor Vehicle In Transport,5,On Roadway,5,Angled/Skewed,,,EDGEWOOD RD (WB/L),1,5,Intersection or Related,39.01608366,1,Daylight,5/23/2024,-76.92074523,W,0,F,N,No,,,F96A475C176E82DB2E5614D555EEC0A19D3DC99404479ED25A0C3615260AFE14,MU,1,No,,,,,1,Dry,1,Signalized,No,,,,,,,2024,POINT (-76.92074523300001 39.016083656)
Prince George's,Property Damage Crashes,MSP757700D7,Maryland State Police,"Sideswipe, Same Direction",Interstate,No,No,No,No,CAPITAL BELTWAY (SB/L),95,INTERSTATE ROUTE,No,TRUE,No,8/25/2024,8/25/2024,23,MSP,7,16,3,No,,Point,23:55,2024,Sunday,12,Motor Vehicle In Transport,5,On Roadway,1,,,,,,9,Through Roadway,39.01619649,3,Dark - Lighted,8/25/2024,-76.91257703,E,413.4,F,N,No,,,F70FEF0374AA73B1106969C763B44D5A3754651348E8D2AAF8D892EE064583AA,IS,1,No,97,Not Applicable,,,1,Dry,,,No,,,,,,,2024,POINT (-76.91257702599999 39.016196487)
Prince George's,Property Damage Crashes,MSP5164000T,Maryland State Police,"Sideswipe, Same Direction",Principal Arterial – Other,No,No,No,No,BALTIMORE AVE,1,UNITED STATE ROUTE,No,TRUE,No,11/25/2024,11/25/2024,18,MSP,7,16,3,Yes,,Point,18:15,2024,Monday,12,Motor Vehicle In Transport,5,On Roadway,3,,,,RAMP 4 FR US 1 NB TO RAMP 10 (TO IS 95),,1,Acceleration/Deceleration Lane,39.01624712,3,Dark - Lighted,11/25/2024,-76.92709226,N,53.61,F,N,No,,,CEC35B44DF38D4CA2AAA9089AD6E4DBA6A50C35ED3FF93EDCF9BC69FBB1DDFAE,US,1,No,,,,,1,Dry,,,No,,,,,,,2024,POINT (-76.927092264 39.016247118)
Prince George's,Property Damage Crashes,DA4354001J,Prince George's County Police,Front to Rear,,No,No,No,No,,,,No,TRUE,No,6/30/2024,6/30/2024,13,PGCOPD,3,16,3,,,Point,13:47,2024,Sunday,12,Motor Vehicle In Transport,4,"Off-Roadway, Location Unknown",,,,,,,,,39.01629913,1,Daylight,6/30/2024,-76.92886974,,,F,N,Yes,102,Parking Lot Way,,,1,No,12,Motor Vehicle In Transport,4,"Off-Roadway, Location Unknown",,,,,No,,,,,,,2024,POINT (-76.928869742 39.016299127)
Prince George's,Property Damage Crashes,DA4268005X,Prince George's County Police,Unknown,,No,No,No,No,,,,No,TRUE,No,8/5/2024,8/5/2024,18,PGCOPD,99,16,3,,,Point,18:51,2024,Monday,13,Other Non-Fixed Object,99,Unknown,,,100,Local,,,,,39.01644943,1,Daylight,8/5/2024,-76.9291783,,,F,N,Yes,102,Parking Lot Way,,,1,No,15,Parked Vehicle,99,Unknown,,,,,No,,,,,,,2024,POINT (-76.92917829700001 39.016449425)
Prince George's,Property Damage Crashes,DA4291003Y,Prince George's County Police,Other,,No,No,No,No,CHERRY HILL RD (EB/L),14,COUNTY ROAD,No,TRUE,No,6/22/2024,6/22/2024,22,PGCOPD,98,16,3,Yes,,Point,22:31,2024,Saturday,12,Motor Vehicle In Transport,99,Unknown,,,,,,,9,Through Roadway,39.01646106,3,Dark - Lighted,6/22/2024,-76.93182445,N,42.47,F,N,No,,,1AAC19B8E1C354C8E20F4AD3652F8FC57990C644327F37F30DD6413E881AC0AF,CO,1,No,,,,,1,Dry,,,No,,,,,,,2024,POINT (-76.931824451 39.01646106)
Prince George's,Property Damage Crashes,MSP693800KG,Maryland State Police,Front to Rear,Interstate,No,No,No,No,RAMP 6 FR RAMP 10 (FR IS 495) TO US 1 SB,95,RAMP,No,TRUE,No,7/19/2024,7/19/2024,7,MSP,3,16,3,No,,Point,7:26,2024,Friday,12,Motor Vehicle In Transport,5,On Roadway,1,,,,,,6,Non-Junction,39.01655436,1,Daylight,7/19/2024,-76.92741662,W,32.9,F,N,No,,,A76C95CAB179551D92A81F5249FB666674E17B503AF4DF91DA71F708EAEDC67A,RP,1,No,97,Not Applicable,,,1,Dry,,,No,,,,,,,2024,POINT (-76.92741661700001 39.016554358)
Prince George's,Injury Crashes,DA27770032,Prince George's County Police,Front to Front,,No,No,No,No,CHERRY HILL RD (EB/L),14,COUNTY ROAD,No,TRUE,No,5/28/2024,5/28/2024,16,PGCOPD,2,16,2,No,2,Point,16:44,2024,Tuesday,12,Motor Vehicle In Transport,5,On Roadway,,Perpendicular,,,47TH AVE,3,5,Intersection or Related,39.01657051,1,Daylight,5/28/2024,-76.93204028,N,0,F,N,No,,,EBB0E29F64AE2F7A581E11B756C925FD7CCE567487383328FBE0D1C98FAF1546,CO,1,No,35,"Other Fixed Object (wall, building, tunnel, etc.)",7,"On Shoulder, Right Side",1,Dry,1,Signalized,No,,,,,,,2024,POINT (-76.932040277 39.016570514)
Prince George's,Property Damage Crashes,DA42970037,Prince George's County Police,"Sideswipe, Same Direction",Minor Arterial,No,No,No,No,CHERRY HILL RD,14,COUNTY ROAD,No,TRUE,No,9/25/2024,9/25/2024,14,PGCOPD,7,16,3,No,,Point,14:01,2024,Wednesday,12,Motor Vehicle In Transport,2,In Parking Lane Or Zone,4,,,,47TH AVE,,99,Unknown,39.01657625,1,Daylight,9/25/2024,-76.93200521,N,7.42,F,N,No,,,7CA074FDC6494E164278D499593D5A3665BA8C9B3C985E5456C7748F15125E4E,CO,1,No,,,,,99,Unknown,,,No,,,,,,,2024,POINT (-76.93200521 39.016576253)
Prince George's,Property Damage Crashes,DA43810007,Prince George's County Police,Front to Rear,Interstate,No,No,No,No,RAMP 6 FR RAMP 10 (FR IS 495) TO US 1 SB,95,RAMP,Yes,TRUE,No,3/7/2024,3/7/2024,13,PGCOPD,3,16,3,No,,Point,13:35,2024,Thursday,12,Motor Vehicle In Transport,7,"On Shoulder, Right Side",1,,,,,,9,Through Roadway,39.01662322,1,Daylight,3/7/2024,-76.92755898,E,14.69,F,N,No,,,A76C95CAB179551D92A81F5249FB666674E17B503AF4DF91DA71F708EAEDC67A,RP,1,No,,,,,1,Dry,,,No,,,,,,,2024,POINT (-76.927558979 39.016623222)
Prince George's,Property Damage Crashes,MSP7552006Q,Maryland State Police,Front to Rear,Principal Arterial – Other,Yes,No,No,No,BALTIMORE AVE (SB/L),1,UNITED STATE ROUTE,No,TRUE,No,8/17/2024,8/17/2024,0,MSP,3,16,3,No,,Point,0:45,2024,Saturday,12,Motor Vehicle In Transport,5,On Roadway,3,,,,,,6,Non-Junction,39.0166365,3,Dark - Lighted,8/17/2024,-76.9272115,S,29.38,F,N,No,,,9EB35691E72FA9A7F93CB90DC36E7F09CE2166E047FCA3CD44D24EF99287F77C,US,1,No,,,,,1,Dry,,,No,,,,,,,2024,POINT (-76.9272115 39.0166365)
Prince George's,Property Damage Crashes,DA3496001T,Prince George's County Police,Front to Rear,,No,No,No,No,CHERRY HILL RD (EB/L),14,COUNTY ROAD,No,TRUE,No,9/13/2024,9/13/2024,19,PGCOPD,3,16,3,No,,Point,19:34,2024,Friday,12,Motor Vehicle In Transport,5,On Roadway,,,,,,,9,Through Roadway,39.0167479,3,Dark - Lighted,9/13/2024,-76.93258966,N,18.87,F,N,No,,,FED9A8A26018F8187F6325A29F4ED5C3F4F28B12B5BF11CE50B17BC549A9267B,CO,1,No,12,Motor Vehicle In Transport,5,On Roadway,1,Dry,,,No,,,,,,,2024,POINT (-76.932589658 39.016747904)