Crash_County_Description,Crash_Severity_Description,Reportnumber,Agencyname,CollisionImpact_Description,FunctionalClass_Description,ImpairedCrash,Large_Vehicle_Involved,Motorcycle_Crash,Non-Motorist_Crash,RoadName,Route_Number,RouteType_Description,Unrestrained_Occupants,WithinDateRange,Work_Zone_Related,Crashdate,LOD_Crash_Date,Crashhour,AgencyCode,CollisionImpact,Crash_County,Crash_Severity,Crash_Within_Interchange,CrashInterchangeApproaches,CrashPoint,Crashtime,CrashYear,Dayofweek,FirstHarmEvent,FirstHarmEvent_Description,FirstHarmLocation,FirstHarmLocation_Description,FunctionalClass,Geometry_Description,GovPropertyDamage,GovPropertyDamage_Description,IntersectingRoadName,Intersection_Geometry,JunctionRelated,JunctionRelated_Description,Latitude,Light,Light_Description,LOD_Date_Level,Longitude,MilepointDirection,MilepointDistance,MilepointUnits,NonTrafficFatal,OffRoad,OffroadLocation,OffroadLocation_Description,RoadID,RouteType,SchoolBusRelated,SchoolBusRelated_Description,SecondHarmEvent,SecondHarmEvent_Description,SecondHarmLocation,SecondHarmLocation_Description,Surface,Surface_Description,TrafficControl,Trafficcontrol_Description,Work_Zone_Crash,WZLawEnforcementPresent,WZLocation,WZLocation_Description,WZType,WZType_Description,WZWorkersPresent,year,geometry
Prince George's,Property Damage Crashes,MSP7552006G,Maryland State Police,Front to Rear,Principal Arterial – Other,No,No,No,No,BALTIMORE AVE (SB/L),1,UNITED STATE ROUTE,No,TRUE,No,7/30/2024,7/30/2024,7,MSP,3,16,3,No,,Point,7:24,2024,Tuesday,12,Motor Vehicle In Transport,5,On Roadway,3,,,,,,6,Non-Junction,39.01679517,1,Daylight,7/30/2024,-76.92705283,S,22.75,F,N,No,,,14B0E569912CA5D0C792A8CDB2B4E98984144D0B8BD0305837CD32A63AFA1486,US,1,No,,,,,1,Dry,,,No,,,,,,,2024,POINT (-76.927052833 39.016795167)
Prince George's,Property Damage Crashes,MSP7514005P,Maryland State Police,Front to Rear,Interstate,No,No,Yes,No,RAMP 6 FR RAMP 10 (FR IS 495) TO US 1 SB,95,RAMP,No,TRUE,No,9/21/2024,9/21/2024,15,MSP,3,16,3,No,,Point,15:00,2024,Saturday,12,Motor Vehicle In Transport,5,On Roadway,1,,,,,,6,Non-Junction,39.01690167,1,Daylight,9/21/2024,-76.92784667,E,22.71,F,N,No,,,E25A37C73F49D7FAD657B40142270771D4A292110AC911EA76277D3B1BDA0CD4,RP,1,No,,,,,1,Dry,,,No,,,,,,,2024,POINT (-76.927846667 39.016901667)
Prince George's,Injury Crashes,DA4069009S,Prince George's County Police,Front to Rear,,No,No,No,No,RHODE ISLAND AVE (NB/L),171,MUNICIPAL ROAD,No,TRUE,No,12/10/2024,12/10/2024,17,PGCOPD,3,16,2,No,,Point,17:16,2024,Tuesday,12,Motor Vehicle In Transport,5,On Roadway,,,,,,,9,Through Roadway,39.01697879,3,Dark - Lighted,12/10/2024,-76.9205552,N,8.65,F,N,No,,,54CCBCE36922F32EAEEEAD82D3CDC9DEF39C1F10480452B296424E082DA69553,MU,1,No,,,,,9,Wet,,,No,,,,,,,2024,POINT (-76.920555198 39.016978787)
Prince George's,Property Damage Crashes,MSP7552005Y,Maryland State Police,Single Vehicle,Interstate,No,No,No,No,RAMP 6 FR RAMP 10 (FR IS 495) TO US 1 SB,95,RAMP,No,TRUE,No,6/28/2024,6/28/2024,2,MSP,101,16,3,Yes,,Point,2:49,2024,Friday,28,Ditch,9,Roadside,1,,,,,,4,Entrance/Exit Ramp or Related,39.01699033,3,Dark - Lighted,6/28/2024,-76.92790617,N,9.4,F,N,No,,,B6CE242911AC916EC19059EB568FB33672BBFD09A072FF1C8B9F3EC5FD3B182C,RP,1,No,,,,,1,Dry,,,No,,,,,,,2024,POINT (-76.927906167 39.016990333)
Prince George's,Property Damage Crashes,MSP7577009K,Maryland State Police,Front to Rear,Interstate,No,No,No,No,RAMP 6 FR RAMP 10 (FR IS 495) TO US 1 SB,95,RAMP,No,TRUE,No,4/9/2024,4/9/2024,11,MSP,3,16,3,No,,Point,11:08,2024,Tuesday,12,Motor Vehicle In Transport,5,On Roadway,1,,,,,,4,Entrance/Exit Ramp or Related,39.01702653,1,Daylight,4/9/2024,-76.92801312,E,24.74,F,N,No,,,B6CE242911AC916EC19059EB568FB33672BBFD09A072FF1C8B9F3EC5FD3B182C,RP,1,No,97,Not Applicable,,,1,Dry,,,No,,,,,,,2024,POINT (-76.92801311700001 39.017026533)
Prince George's,Property Damage Crashes,MSP7419009K,Maryland State Police,Front to Rear,Interstate,No,No,No,No,CAPITAL BELTWAY (SB/L),95,INTERSTATE ROUTE,No,TRUE,No,9/26/2024,9/26/2024,19,MSP,3,16,3,No,,Point,19:14,2024,Thursday,12,Motor Vehicle In Transport,5,On Roadway,1,,,,,,6,Non-Junction,39.01735,3,Dark - Lighted,9/26/2024,-76.91277667,N,36.42,F,N,No,,,C7DFD98FD65AA194C49A16C37E4E2B868E4202F8A738E4D3D75C220A2D872593,IS,1,No,,,,,9,Wet,,,No,,,,,,,2024,POINT (-76.912776667 39.01735)
Prince George's,Property Damage Crashes,MSP732800J3,Maryland State Police,Front to Rear,Interstate,No,No,No,No,CAPITAL BELTWAY (SB/L),95,INTERSTATE ROUTE,No,TRUE,No,12/14/2024,12/14/2024,17,MSP,3,16,3,No,,Point,17:55,2024,Saturday,12,Motor Vehicle In Transport,5,On Roadway,1,,,,,,6,Non-Junction,39.01738151,4,Dark - Not Lighted,12/14/2024,-76.91290875,N,47.48,F,N,No,,,72AC52A93968554C0B1A4BDD068DD99F58E1E2912517F9AAE6201953C629DA8C,IS,1,No,,,,,1,Dry,,,No,,,,,,,2024,POINT (-76.912908754 39.017381514)
Prince George's,Property Damage Crashes,DA4050006G,Prince George's County Police,Front to Front,Local,No,No,No,No,NIAGARA RD #1,910,MUNICIPAL ROAD,No,TRUE,No,11/5/2024,11/5/2024,7,PGCOPD,2,16,3,No,,Point,7:30,2024,Tuesday,15,Parked Vehicle,5,On Roadway,7,,,,,,9,Through Roadway,39.01746062,1,Daylight,11/5/2024,-76.91977203,E,11.95,F,N,No,,,C478B97A87B55959BA6C1A18C0D73CAAED21165478079B1A70E180BEFB1B90C5,MU,1,No,,,,,1,Dry,,,No,,,,,,,2024,POINT (-76.91977203099999 39.017460618)
Prince George's,Property Damage Crashes,DA3625002R,Prince George's County Police,Single Vehicle,Local,No,No,No,No,RHODE ISLAND AVE #2,1072,MUNICIPAL ROAD,No,TRUE,No,6/8/2024,6/8/2024,1,PGCOPD,101,16,3,Yes,,Point,1:55,2024,Saturday,29,Embankment,9,Roadside,7,,,,NO NAME,,9,Through Roadway,39.01760265,3,Dark - Lighted,6/8/2024,-76.92012166,W,47.9,F,N,No,,,BEFD5F681E9312AA2A9D159EDBA356584E27B70BC394394E39E98D683396BA95,MU,1,No,36,"Other Post, Pole, Or Support",4,"Off-Roadway, Location Unknown",98,Other,,,No,,,,,,,2024,POINT (-76.920121663 39.017602647)
Prince George's,Property Damage Crashes,MSP7419007L,Maryland State Police,"Sideswipe, Same Direction",Interstate,No,No,No,No,CAPITAL BELTWAY,95,INTERSTATE ROUTE,No,TRUE,No,4/22/2024,4/22/2024,9,MSP,7,16,3,No,,Point,9:17,2024,Monday,12,Motor Vehicle In Transport,5,On Roadway,1,,,,,,6,Non-Junction,39.0176252,1,Daylight,4/22/2024,-76.91276115,W,4.8,F,N,No,,,5918CA158048854AD64FA5EDE5E04EEF05CE6B98BD786103A957C657BEB7C8A3,IS,1,No,,,,,1,Dry,,,No,,,,,,,2024,POINT (-76.91276114599999 39.0176252)
Prince George's,Property Damage Crashes,MSP7778002S,Maryland State Police,"Sideswipe, Same Direction",Interstate,No,Yes,No,No,CAPITAL BELTWAY (SB/L),95,INTERSTATE ROUTE,No,TRUE,No,7/18/2024,7/18/2024,15,MSP,7,16,3,No,,Point,15:57,2024,Thursday,12,Motor Vehicle In Transport,5,On Roadway,1,,,,,,9,Through Roadway,39.01765459,1,Daylight,7/18/2024,-76.91356394,W,78.69,F,N,No,,,00F4916DDA060013A982B6182D04E7C38CC1A512BFB7060509033E42E452986F,IS,1,No,,,,,1,Dry,,,No,,,,,,,2024,POINT (-76.913563939 39.017654594)
Prince George's,Property Damage Crashes,DA3495005K,Prince George's County Police,Front to Rear,Local,No,No,No,No,RHODE ISLAND AVE #2,1072,MUNICIPAL ROAD,Yes,TRUE,No,4/10/2024,4/10/2024,15,PGCOPD,3,16,3,No,,Point,15:26,2024,Wednesday,12,Motor Vehicle In Transport,5,On Roadway,7,,,,,,6,Non-Junction,39.01768179,1,Daylight,4/10/2024,-76.92029935,E,18.28,F,N,No,,,A605C054898971B9A0A86A7E701124AFB2963960FBC106FB2FA8F45F0C10DBBC,MU,1,No,,,,,1,Dry,,,No,,,,,,,2024,POINT (-76.920299353 39.017681793)
Prince George's,Injury Crashes,DA4069008X,Prince George's County Police,Single Vehicle,Major Collector,No,No,No,No,RHODE ISLAND AVE,171,MUNICIPAL ROAD,No,TRUE,No,5/7/2024,5/7/2024,23,PGCOPD,101,16,2,No,,Point,23:55,2024,Tuesday,31,Guardrail End Terminal,9,Roadside,5,,,,,,9,Through Roadway,39.01770678,3,Dark - Lighted,5/7/2024,-76.92035263,N,23.04,F,N,No,,,0DF767B6F3FC0CDC3634B2F506D4F88D88075E326EE388BA95CDB7EF049A543D,MU,1,No,,,,,1,Dry,,,No,,,,,,,2024,POINT (-76.92035263 39.017706777)
Prince George's,Property Damage Crashes,MSP745000BM,Maryland State Police,Single Vehicle,Interstate,No,No,No,No,CAPITAL BELTWAY,95,INTERSTATE ROUTE,No,TRUE,No,4/2/2024,4/2/2024,5,MSP,101,16,3,No,,Point,5:42,2024,Tuesday,32,Guardrail Face,6,"On Shoulder, Left Side",1,,101,State,,,9,Through Roadway,39.01787333,4,Dark - Not Lighted,4/2/2024,-76.913615,N,11.35,F,N,No,,,083A6505809DEC5896BDC5BC908EF80EBBF1659A3835E3770EA85E5883021296,IS,1,No,97,Not Applicable,,,9,Wet,,,No,,,,,,,2024,POINT (-76.91361499999999 39.017873333)
Prince George's,Property Damage Crashes,MSP75140038,Maryland State Police,Other,Interstate,No,No,No,No,CAPITAL BELTWAY,95,INTERSTATE ROUTE,No,TRUE,No,2/1/2024,2/1/2024,7,MSP,98,16,3,No,,Point,7:50,2024,Thursday,12,Motor Vehicle In Transport,5,On Roadway,1,,,,,,99,Unknown,39.01789521,1,Daylight,2/1/2024,-76.9135805,W,50.68,F,N,No,,,FCBDA8694ACABC84F71FB108E887D5D2289C6F8EFCB91F1A556D0D08667BCACD,IS,1,No,12,Motor Vehicle In Transport,5,On Roadway,1,Dry,,,No,,,,,,,2024,POINT (-76.913580501 39.017895207)
Prince George's,Property Damage Crashes,MSP7419006C,Maryland State Police,Front to Rear,Principal Arterial – Other,Yes,No,No,No,BALTIMORE AVE,1,UNITED STATE ROUTE,No,TRUE,No,2/24/2024,2/24/2024,0,MSP,3,16,3,No,,Point,0:05,2024,Saturday,12,Motor Vehicle In Transport,5,On Roadway,3,,,,,,6,Non-Junction,39.01790397,3,Dark - Lighted,2/24/2024,-76.92662442,S,18.85,F,N,No,,,6CEE099B1FF6EACD0EEF5103B3C315C33E24E40262AF1BBE17FF8B8C89058FFC,US,1,No,12,Motor Vehicle In Transport,5,On Roadway,1,Dry,,,No,,,,,,,2024,POINT (-76.926624416 39.017903971)
Prince George's,Injury Crashes,MSP7778000K,Maryland State Police,Front to Rear,Interstate,No,No,No,No,RAMP 10 FR IS 495 EB TO IS 95 SB,95,RAMP,No,TRUE,No,4/22/2024,4/22/2024,17,MSP,3,16,2,No,,Point,17:07,2024,Monday,12,Motor Vehicle In Transport,5,On Roadway,1,,,,,,6,Non-Junction,39.01791417,1,Daylight,4/22/2024,-76.9251045,E,28.82,F,N,No,,,DFB103B23FECEFE7CA487D899B4F4394C762AC54765E7FD67BE2F032A6106088,RP,1,No,97,Not Applicable,,,1,Dry,,,No,,,,,,,2024,POINT (-76.9251045 39.017914167)
Prince George's,Property Damage Crashes,MSP757700CL,Maryland State Police,"Sideswipe, Same Direction",Interstate,No,No,No,No,CAPITAL BELTWAY (SB/L),95,INTERSTATE ROUTE,No,TRUE,No,7/23/2024,7/23/2024,18,MSP,7,16,3,No,,Point,18:43,2024,Tuesday,12,Motor Vehicle In Transport,5,On Roadway,1,,,,,,9,Through Roadway,39.01792032,1,Daylight,7/23/2024,-76.91448051,E,4.49,F,N,No,,,782ECEBB3888FECE05983C67718ABF22E75B6F86830669911D0B1AA2B66E656C,IS,1,No,97,Not Applicable,,,1,Dry,,,No,,,,,,,2024,POINT (-76.914480506 39.017920324)
Prince George's,Property Damage Crashes,MSP757700G9,Maryland State Police,"Sideswipe, Same Direction",Interstate,No,No,No,No,RAMP 4 FR US 1 NB TO RAMP 10 (TO IS 95),95,RAMP,No,TRUE,No,12/19/2024,12/19/2024,18,MSP,7,16,3,No,,Point,18:05,2024,Thursday,12,Motor Vehicle In Transport,5,On Roadway,1,,,,,,9,Through Roadway,39.01797941,3,Dark - Lighted,12/19/2024,-76.92356736,W,15.38,F,N,No,,,8AFC924577C693DA014679AADB47E0EE4C6479788F9C62C405BE2256AA87BFA6,RP,1,No,97,Not Applicable,,,1,Dry,,,No,,,,,,,2024,POINT (-76.923567361 39.017979414)
Prince George's,Property Damage Crashes,MSP77640037,Maryland State Police,Single Vehicle,Interstate,No,No,No,No,RAMP 4 FR US 1 NB TO RAMP 10 (TO IS 95),95,RAMP,No,TRUE,No,8/10/2024,8/10/2024,14,MSP,101,16,3,No,,Point,14:16,2024,Saturday,32,Guardrail Face,6,"On Shoulder, Left Side",1,,101,State,RAMP 10 FR IS 495 EB TO IS 95 SB,,6,Non-Junction,39.01798159,1,Daylight,8/10/2024,-76.92348377,E,28.63,F,N,No,,,C758EB8038832917E3A0D872048FC18C46CC882607E729E07BF70EC7B966E86D,RP,1,No,,,,,1,Dry,,,No,,,,,,,2024,POINT (-76.923483774 39.01798159)
Prince George's,Property Damage Crashes,MSP77780057,Maryland State Police,Angle,Interstate,No,Yes,No,No,RAMP 10 FR IS 495 EB TO IS 95 SB,95,RAMP,No,TRUE,No,10/17/2024,10/17/2024,11,MSP,1,16,3,No,,Point,11:14,2024,Thursday,12,Motor Vehicle In Transport,5,On Roadway,1,,,,,,4,Entrance/Exit Ramp or Related,39.01803666,1,Daylight,10/17/2024,-76.92634952,S,9.98,F,N,No,,,B2E5F01C2A2BABF5CCE2C968871F4672C6890D220F1102E0BE753CF900682673,RP,1,No,,,,,1,Dry,,,No,,,,,,,2024,POINT (-76.92634951700001 39.018036658)
Prince George's,Property Damage Crashes,MSP7778002V,Maryland State Police,Front to Rear,Interstate,No,No,No,No,CAPITAL BELTWAY (SB/L),95,INTERSTATE ROUTE,No,TRUE,No,7/19/2024,7/19/2024,16,MSP,3,16,3,No,,Point,16:19,2024,Friday,12,Motor Vehicle In Transport,5,On Roadway,1,,,,,,9,Through Roadway,39.01805155,1,Daylight,7/19/2024,-76.92423932,W,53.36,F,N,No,,,E7B323271683E2F5E5DB20D67C027834ED33C9CD4776231EFF3F63AC940F350C,IS,1,No,,,,,1,Dry,,,No,,,,,,,2024,POINT (-76.924239317 39.01805155)
Prince George's,Property Damage Crashes,MSP743900J0,Maryland State Police,Front to Rear,Interstate,No,No,No,No,RAMP 10 FR IS 495 EB TO IS 95 SB,95,RAMP,No,TRUE,No,9/24/2024,9/24/2024,15,MSP,3,16,3,No,,Point,15:57,2024,Tuesday,12,Motor Vehicle In Transport,5,On Roadway,1,,,,,,1,Acceleration/Deceleration Lane,39.01808296,1,Daylight,9/24/2024,-76.92651994,W,98.93,F,N,No,,,90FCA129B10CB40B22F32D249AA669041B2E3D82E97DB60A71C96B4C1E3922FB,RP,1,No,,,,,9,Wet,,,No,,,,,,,2024,POINT (-76.92651994400001 39.018082957)
Prince George's,Property Damage Crashes,MSP75520084,Maryland State Police,Single Vehicle,Interstate,No,No,No,No,CAPITAL BELTWAY (SB/L),95,INTERSTATE ROUTE,No,TRUE,No,10/30/2024,10/30/2024,22,MSP,101,16,3,No,,Point,22:49,2024,Wednesday,9,Animal (live),5,On Roadway,1,,,,,,6,Non-Junction,39.01811885,3,Dark - Lighted,10/30/2024,-76.92427034,W,42.29,F,N,No,,,E7B323271683E2F5E5DB20D67C027834ED33C9CD4776231EFF3F63AC940F350C,IS,1,No,,,,,1,Dry,,,No,,,,,,,2024,POINT (-76.92427034400001 39.018118846)
Prince George's,Property Damage Crashes,DA4050005M,Prince George's County Police,"Sideswipe, Same Direction",Local,No,No,No,No,ONTARIO RD,950,MUNICIPAL ROAD,No,TRUE,No,3/23/2024,3/23/2024,2,PGCOPD,7,16,3,No,,Point,2:30,2024,Saturday,12,Motor Vehicle In Transport,5,On Roadway,7,,,,,,9,Through Roadway,39.01812837,3,Dark - Lighted,3/23/2024,-76.91935363,S,0.98,F,N,No,,,3AD33C9BB3646D187FAB7AA8C4DCD990847C929C006D5DC92FDCEFDCA98C44C0,MU,1,No,,,,,9,Wet,,,No,,,,,,,2024,POINT (-76.91935363 39.018128367)
Prince George's,Property Damage Crashes,MSP7681006V,Maryland State Police,Front to Rear,Principal Arterial – Other,No,No,No,No,BALTIMORE AVE (SB/L),1,UNITED STATE ROUTE,No,TRUE,No,7/16/2024,7/16/2024,7,MSP,3,16,3,No,,Point,7:51,2024,Tuesday,12,Motor Vehicle In Transport,5,On Roadway,3,,,,,,9,Through Roadway,39.01813333,1,Daylight,7/16/2024,-76.92671667,S,29.77,F,N,No,,,AF42C71DDE245ECCD32558512EB0BD361C7FEE35B1E9B15B13A09F892F9234F3,US,1,No,12,Motor Vehicle In Transport,5,On Roadway,1,Dry,,,No,,,,,,,2024,POINT (-76.92671666699999 39.018133333)
Prince George's,Property Damage Crashes,MSP743900DV,Maryland State Police,Front to Rear,Interstate,No,No,No,No,CAPITAL BELTWAY (SB/L),95,INTERSTATE ROUTE,No,TRUE,No,3/21/2024,3/21/2024,6,MSP,3,16,3,No,,Point,6:42,2024,Thursday,12,Motor Vehicle In Transport,5,On Roadway,1,,,,,,9,Through Roadway,39.0181532,100,Dawn,3/21/2024,-76.91974237,N,156.57,F,N,No,,,42894DE64B362E6D5499AD77D0B5822778130F7578908293D25284D9489A7B04,IS,1,No,,,,,1,Dry,,,No,,,,,,,2024,POINT (-76.91974236900001 39.018153196)
Prince George's,Property Damage Crashes,MSP757700G7,Maryland State Police,Front to Rear,Interstate,No,No,No,No,RAMP 10 FR IS 495 EB TO IS 95 SB,95,RAMP,No,TRUE,No,12/19/2024,12/19/2024,15,MSP,3,16,3,No,,Point,15:05,2024,Thursday,12,Motor Vehicle In Transport,5,On Roadway,1,,,,,,9,Through Roadway,39.01817023,1,Daylight,12/19/2024,-76.92797112,N,14.75,F,N,No,,,4C03A81954BAC52666195348650A167EBFE83FF3198C3DCE085D060CF43B2D93,RP,1,No,97,Not Applicable,,,1,Dry,,,No,,,,,,,2024,POINT (-76.927971117 39.018170233)
Prince George's,Property Damage Crashes,MSP743900HC,Maryland State Police,Unknown,Interstate,No,No,No,No,CAPITAL BELTWAY (SB/L),95,INTERSTATE ROUTE,No,TRUE,No,8/9/2024,8/9/2024,5,MSP,99,16,3,No,,Point,5:23,2024,Friday,100,Spilled Cargo,5,On Roadway,1,,,,,,9,Through Roadway,39.01820167,4,Dark - Not Lighted,8/9/2024,-76.91609667,N,23.04,F,N,No,,,0856B56A3FCAF08788C94C0BBAD5D25B4CC6B8F26C79E8B0D5825C881AED9FCE,IS,1,No,13,Other Non-Fixed Object,5,On Roadway,9,Wet,,,No,,,,,,,2024,POINT (-76.91609666700001 39.018201667)
Prince George's,Property Damage Crashes,MSP675100JL,Maryland State Police,"Sideswipe, Same Direction",Interstate,No,Yes,No,No,CAPITAL BELTWAY (SB/L),95,INTERSTATE ROUTE,No,TRUE,No,3/1/2024,3/1/2024,8,MSP,7,16,3,No,,Point,8:07,2024,Friday,12,Motor Vehicle In Transport,5,On Roadway,1,,,,,,6,Non-Junction,39.0182103,1,Daylight,3/1/2024,-76.92727173,N,28.88,F,N,No,,,D1693E67DDCF7F6AE3A7A44A8BAABE1DAE94CDD206290D69A9AFA74EAC5D5EAE,IS,2,"Yes, School Bus Directly Involved",97,Not Applicable,,,1,Dry,,,No,,,,,,,2024,POINT (-76.927271733 39.0182103)
Prince George's,Property Damage Crashes,MSP7419009L,Maryland State Police,"Sideswipe, Same Direction",Interstate,No,No,No,No,CAPITAL BELTWAY (SB/L),95,INTERSTATE ROUTE,No,TRUE,No,9/26/2024,9/26/2024,19,MSP,7,16,3,No,,Point,19:50,2024,Thursday,12,Motor Vehicle In Transport,5,On Roadway,1,,,,,,6,Non-Junction,39.01821697,3,Dark - Lighted,9/26/2024,-76.91577742,W,50.32,F,N,No,,,D1925C180DAF6FAE63959A76F3770B37424A587777F07BDD9BBE20B434738455,IS,1,No,,,,,1,Dry,,,No,,,,,,,2024,POINT (-76.91577742299999 39.018216974)
Prince George's,Property Damage Crashes,MSP75140061,Maryland State Police,Front to Rear,Interstate,No,No,No,No,CAPITAL BELTWAY (SB/L),95,INTERSTATE ROUTE,No,TRUE,No,10/9/2024,10/9/2024,7,MSP,3,16,3,No,,Point,7:18,2024,Wednesday,12,Motor Vehicle In Transport,5,On Roadway,1,,,,,,6,Non-Junction,39.018235,1,Daylight,10/9/2024,-76.92095667,N,59.78,F,N,No,,,8A870B423D297D1ADDAB4423FAB029EBF7A546793EFA42B4B1A5A466C5EC6667,IS,1,No,,,,,1,Dry,,,No,,,,,,,2024,POINT (-76.920956667 39.018235)
Prince George's,Property Damage Crashes,MSP7681007G,Maryland State Police,Single Vehicle,Interstate,Yes,No,No,No,CAPITAL BELTWAY (SB/L),95,INTERSTATE ROUTE,No,TRUE,No,8/10/2024,8/10/2024,4,MSP,101,16,3,No,,Point,4:00,2024,Saturday,25,Concrete Traffic Barrier,3,Median,1,,,,,,9,Through Roadway,39.01824522,4,Dark - Not Lighted,8/10/2024,-76.92136678,E,37.74,F,N,No,,,31E0BAB7DFD81F75BB314EA8DE3EED12E471A44FC1C52B8FEE1B7362E3410A1A,IS,1,No,,,,,99,Unknown,,,No,,,,,,,2024,POINT (-76.92136678 39.018245224)
Prince George's,Property Damage Crashes,MSP7453004T,Maryland State Police,Single Vehicle,Interstate,No,No,No,No,CAPITAL BELTWAY,95,INTERSTATE ROUTE,No,TRUE,No,3/23/2024,3/23/2024,7,MSP,101,16,3,No,,Point,7:29,2024,Saturday,35,"Other Fixed Object (wall, building, tunnel, etc.)",7,"On Shoulder, Right Side",1,,101,State,,,6,Non-Junction,39.01826167,100,Dawn,3/23/2024,-76.91441667,S,54.92,F,N,No,,,5E7E7F6B593F2A50557C2FECD6F455AF8D869862520FDA171D70939B435B82DA,IS,1,No,97,Not Applicable,,,9,Wet,,,No,,,,,,,2024,POINT (-76.914416667 39.018261667)
Prince George's,Property Damage Crashes,MSP7778001Z,Maryland State Police,Front to Rear,Interstate,No,No,No,No,CAPITAL BELTWAY (SB/L),95,INTERSTATE ROUTE,No,TRUE,No,6/24/2024,6/24/2024,16,MSP,3,16,3,No,,Point,16:31,2024,Monday,12,Motor Vehicle In Transport,5,On Roadway,1,,,,,,9,Through Roadway,39.01828342,1,Daylight,6/24/2024,-76.92229738,S,30.26,F,N,No,,,A167D8870D01954FB51E62BFB9D2AF94E9C9B0F93F78BC25171301843C9A20C5,IS,1,No,,,,,1,Dry,,,No,,,,,,,2024,POINT (-76.922297383 39.018283417)
Prince George's,Property Damage Crashes,MSP744200HV,Maryland State Police,Front to Rear,Interstate,No,No,No,No,CAPITAL BELTWAY,95,INTERSTATE ROUTE,No,TRUE,No,4/14/2024,4/14/2024,10,MSP,3,16,3,No,,Point,10:19,2024,Sunday,12,Motor Vehicle In Transport,5,On Roadway,1,,,,,,9,Through Roadway,39.01830033,1,Daylight,4/14/2024,-76.92302017,E,44.55,F,N,No,,,955D7F659270D28A5FBA8C5A2145268A4997362DB34D17A097DE24FA21EAFEBE,IS,1,No,,,,,1,Dry,,,No,,,,,,,2024,POINT (-76.923020167 39.018300333)
Prince George's,Injury Crashes,MSP7681004R,Maryland State Police,Front to Rear,Interstate,No,No,No,No,CAPITAL BELTWAY,95,INTERSTATE ROUTE,No,TRUE,No,3/3/2024,3/3/2024,1,MSP,3,16,2,No,,Point,1:20,2024,Sunday,12,Motor Vehicle In Transport,5,On Roadway,1,,,,,,9,Through Roadway,39.01830908,4,Dark - Not Lighted,3/3/2024,-76.9181674,E,446.6,F,N,No,,,AAC35782B4757DEC936976467BBD12F9ED70F5B17C914DCABF6D0508083390C8,IS,1,No,25,Concrete Traffic Barrier,3,Median,1,Dry,,,No,,,,,,,2024,POINT (-76.91816740100001 39.018309078)
Prince George's,Injury Crashes,MSP7665007Z,Maryland State Police,Single Vehicle,Interstate,No,No,No,No,CAPITAL BELTWAY,95,INTERSTATE ROUTE,Yes,TRUE,No,8/24/2024,8/24/2024,20,MSP,101,16,2,No,,Point,20:54,2024,Saturday,25,Concrete Traffic Barrier,9,Roadside,1,,,,,,6,Non-Junction,39.01834047,3,Dark - Lighted,8/24/2024,-76.92623051,W,32.62,F,N,No,,,377F2C8A165346CAF275568C9DD6A9A241F3F3D76D9B085F3E6401F72CC595DE,IS,1,No,25,Concrete Traffic Barrier,9,Roadside,1,Dry,,,No,,,,,,,2024,POINT (-76.92623050500001 39.018340473)
Prince George's,Property Damage Crashes,MSP732800H7,Maryland State Police,Front to Rear,Interstate,No,No,No,No,CAPITAL BELTWAY (SB/L),95,INTERSTATE ROUTE,No,TRUE,No,11/12/2024,11/12/2024,7,MSP,3,16,3,No,,Point,7:15,2024,Tuesday,12,Motor Vehicle In Transport,5,On Roadway,1,,,,,,6,Non-Junction,39.01834167,1,Daylight,11/12/2024,-76.91980667,N,36.92,F,N,No,,,AD63BAB70DAD6CEFD7A26C5E3DF3580F42A326A03044A1E6111FDB1874E92D2D,IS,1,No,,,,,1,Dry,,,No,,,,,,,2024,POINT (-76.919806667 39.018341667)
Prince George's,Property Damage Crashes,MSP7701001S,Maryland State Police,"Sideswipe, Same Direction",Interstate,No,No,No,No,CAPITAL BELTWAY (SB/L),95,INTERSTATE ROUTE,No,TRUE,No,8/12/2024,8/12/2024,21,MSP,7,16,3,No,,Point,21:38,2024,Monday,12,Motor Vehicle In Transport,5,On Roadway,1,,,,,,9,Through Roadway,39.01835472,4,Dark - Not Lighted,8/12/2024,-76.9170309,E,19.34,F,N,No,,,224C970F81E5700607863ABC6F46FA4CB29FC33E321222F4BF5D5B8356DF5C6A,IS,1,No,,,,,1,Dry,,,No,,,,,,,2024,POINT (-76.917030904 39.018354724)
Prince George's,Property Damage Crashes,MSP7764001X,Maryland State Police,Front to Rear,Interstate,No,No,No,No,CAPITAL BELTWAY (SB/L),95,INTERSTATE ROUTE,No,TRUE,No,6/19/2024,6/19/2024,19,MSP,3,16,3,No,,Point,19:27,2024,Wednesday,12,Motor Vehicle In Transport,5,On Roadway,1,,,,,,6,Non-Junction,39.01836882,1,Daylight,6/19/2024,-76.91998382,E,26.12,F,N,No,,,AD63BAB70DAD6CEFD7A26C5E3DF3580F42A326A03044A1E6111FDB1874E92D2D,IS,1,No,,,,,1,Dry,,,No,,,,,,,2024,POINT (-76.919983817 39.018368817)