Crash_County_Description,Crash_Severity_Description,Reportnumber,Agencyname,CollisionImpact_Description,FunctionalClass_Description,ImpairedCrash,Large_Vehicle_Involved,Motorcycle_Crash,Non-Motorist_Crash,RoadName,Route_Number,RouteType_Description,Unrestrained_Occupants,WithinDateRange,Work_Zone_Related,Crashdate,LOD_Crash_Date,Crashhour,AgencyCode,CollisionImpact,Crash_County,Crash_Severity,Crash_Within_Interchange,CrashInterchangeApproaches,CrashPoint,Crashtime,CrashYear,Dayofweek,FirstHarmEvent,FirstHarmEvent_Description,FirstHarmLocation,FirstHarmLocation_Description,FunctionalClass,Geometry_Description,GovPropertyDamage,GovPropertyDamage_Description,IntersectingRoadName,Intersection_Geometry,JunctionRelated,JunctionRelated_Description,Latitude,Light,Light_Description,LOD_Date_Level,Longitude,MilepointDirection,MilepointDistance,MilepointUnits,NonTrafficFatal,OffRoad,OffroadLocation,OffroadLocation_Description,RoadID,RouteType,SchoolBusRelated,SchoolBusRelated_Description,SecondHarmEvent,SecondHarmEvent_Description,SecondHarmLocation,SecondHarmLocation_Description,Surface,Surface_Description,TrafficControl,Trafficcontrol_Description,Work_Zone_Crash,WZLawEnforcementPresent,WZLocation,WZLocation_Description,WZType,WZType_Description,WZWorkersPresent,year,geometry
Prince George's,Property Damage Crashes,MSP61390131,Maryland State Police,"Sideswipe, Same Direction",Interstate,No,No,No,No,CAPITAL BELTWAY (SB/L),95,INTERSTATE ROUTE,No,TRUE,No,2/11/2024,2/11/2024,21,MSP,7,16,3,No,,Point,21:07,2024,Sunday,12,Motor Vehicle In Transport,5,On Roadway,1,,,,,,9,Through Roadway,39.01837098,3,Dark - Lighted,2/11/2024,-76.92051688,W,25.33,F,N,No,,,22FBB088F3A87843D8C036AFC67CBB675BAA8249D56133422801FE8E9D8316F3,IS,1,No,97,Not Applicable,,,1,Dry,,,No,,,,,,,2024,POINT (-76.920516877 39.018370982)
Prince George's,Property Damage Crashes,MSP6675008W,Maryland State Police,Front to Rear,Interstate,No,No,No,No,CAPITAL BELTWAY (SB/L),95,INTERSTATE ROUTE,No,TRUE,No,1/2/2024,1/2/2024,13,MSP,3,16,3,No,,Point,13:24,2024,Tuesday,12,Motor Vehicle In Transport,5,On Roadway,1,,,,,,9,Through Roadway,39.01837341,1,Daylight,1/2/2024,-76.9196887,N,19.68,F,N,No,,,FA1ED6E93B01B3F26E142F8C44847FE220E507D953FACA3A626827036E45D4CC,IS,1,No,97,Not Applicable,,,1,Dry,,,No,,,,,,,2024,POINT (-76.91968869599999 39.018373407)
Prince George's,Property Damage Crashes,MSP743900FJ,Maryland State Police,Single Vehicle,Interstate,No,No,No,No,CAPITAL BELTWAY,95,INTERSTATE ROUTE,No,TRUE,No,4/6/2024,4/6/2024,3,MSP,101,16,3,No,,Point,3:33,2024,Saturday,36,"Other Post, Pole, Or Support",5,On Roadway,1,,101,State,,,9,Through Roadway,39.0183806,4,Dark - Not Lighted,4/6/2024,-76.92477855,S,25.4,F,N,No,,,8488C5F1D83A049AD34DE17C0DA05A680E499C873E9E2DE863119C0EF6A7B8DB,IS,1,No,,,,,1,Dry,,,No,,,,,,,2024,POINT (-76.92477854800001 39.018380601)
Prince George's,Property Damage Crashes,MSP744200PP,Maryland State Police,Front to Rear,Interstate,No,No,No,No,RAMP 1 FR US 1 NB TO IS 95 WB,95,RAMP,No,TRUE,No,12/24/2024,12/24/2024,19,MSP,3,16,3,No,,Point,19:15,2024,Tuesday,12,Motor Vehicle In Transport,5,On Roadway,1,,,,,,9,Through Roadway,39.01838274,4,Dark - Not Lighted,12/24/2024,-76.92598599,E,20.67,F,N,No,,,08D0AB47DC75E47B6DD6360C9BAAE00AF709D328EB83658607B2AC96048CE992,RP,1,No,12,Motor Vehicle In Transport,5,On Roadway,1,Dry,,,No,,,,,,,2024,POINT (-76.92598598799999 39.01838274)
Prince George's,Property Damage Crashes,MSP77640020,Maryland State Police,"Sideswipe, Same Direction",Interstate,No,Yes,No,No,CAPITAL BELTWAY,95,INTERSTATE ROUTE,No,TRUE,No,6/21/2024,6/21/2024,16,MSP,7,16,3,No,,Point,16:38,2024,Friday,12,Motor Vehicle In Transport,5,On Roadway,1,,,,,,6,Non-Junction,39.01838919,1,Daylight,6/21/2024,-76.91687206,N,88.92,F,N,No,,,AAC35782B4757DEC936976467BBD12F9ED70F5B17C914DCABF6D0508083390C8,IS,1,No,,,,,1,Dry,,,No,,,,,,,2024,POINT (-76.916872055 39.018389189)
Prince George's,Property Damage Crashes,MSP675100JN,Maryland State Police,Front to Rear,Interstate,No,No,No,No,CAPITAL BELTWAY (SB/L),95,INTERSTATE ROUTE,No,TRUE,No,3/1/2024,3/1/2024,9,MSP,3,16,3,No,,Point,9:07,2024,Friday,12,Motor Vehicle In Transport,5,On Roadway,1,,,,,,6,Non-Junction,39.01839543,1,Daylight,3/1/2024,-76.91708045,W,16.36,F,N,No,,,BE9801D4980C75624ED27E4E145B4E92C1B49288720AABD9D29990121720C5A0,IS,1,No,12,Motor Vehicle In Transport,5,On Roadway,1,Dry,,,No,,,,,,,2024,POINT (-76.917080447 39.018395425)
Prince George's,Property Damage Crashes,MSP78650006,Maryland State Police,"Sideswipe, Same Direction",Interstate,No,No,No,No,CAPITAL BELTWAY (SB/L),95,INTERSTATE ROUTE,No,TRUE,No,12/11/2024,12/11/2024,7,MSP,7,16,3,No,,Point,7:26,2024,Wednesday,12,Motor Vehicle In Transport,5,On Roadway,1,,,,,,6,Non-Junction,39.0184078,1,Daylight,12/11/2024,-76.91903537,N,27.18,F,N,No,,,BD629FA367784CFC2F9F8842EE1945C1F6AD9F4826CD69562A530434E00C458A,IS,1,No,,,,,9,Wet,,,No,,,,,,,2024,POINT (-76.91903536700001 39.0184078)
Prince George's,Injury Crashes,MSP745000CB,Maryland State Police,Front to Rear,Interstate,No,No,No,No,CAPITAL BELTWAY (SB/L),95,INTERSTATE ROUTE,No,TRUE,No,6/9/2024,6/9/2024,17,MSP,3,16,2,No,,Point,17:58,2024,Sunday,12,Motor Vehicle In Transport,5,On Roadway,1,,,,,,9,Through Roadway,39.01840933,1,Daylight,6/9/2024,-76.9197875,E,20,F,N,No,,,FA1ED6E93B01B3F26E142F8C44847FE220E507D953FACA3A626827036E45D4CC,IS,1,No,12,Motor Vehicle In Transport,5,On Roadway,1,Dry,,,No,,,,,,,2024,POINT (-76.9197875 39.018409333)
Prince George's,Property Damage Crashes,MSP75140044,Maryland State Police,"Sideswipe, Same Direction",Interstate,No,No,No,No,CAPITAL BELTWAY,95,INTERSTATE ROUTE,No,TRUE,No,4/17/2024,4/17/2024,12,MSP,7,16,3,No,,Point,12:14,2024,Wednesday,12,Motor Vehicle In Transport,5,On Roadway,1,,,,,,6,Non-Junction,39.01841291,1,Daylight,4/17/2024,-76.9211967,N,36.27,F,N,No,,,15D8B75128DC7EF6390122275976D193536DDBC3294550404F0BF37D57FCDC6B,IS,1,No,,,,,1,Dry,,,No,,,,,,,2024,POINT (-76.921196701 39.01841291)
Prince George's,Property Damage Crashes,MSP75140043,Maryland State Police,Other,Interstate,No,Yes,No,No,CAPITAL BELTWAY,95,INTERSTATE ROUTE,No,TRUE,No,4/17/2024,4/17/2024,8,MSP,98,16,3,No,,Point,8:10,2024,Wednesday,12,Motor Vehicle In Transport,5,On Roadway,1,,,,,,6,Non-Junction,39.01841447,1,Daylight,4/17/2024,-76.9225653,S,17.97,F,N,No,,,2EE7BD10E7B503F753A149E6D448AC33CB6E97BA201E2DAA205005A0B6E5715F,IS,1,No,12,Motor Vehicle In Transport,5,On Roadway,1,Dry,,,No,,,,,,,2024,POINT (-76.92256529799999 39.018414473)
Prince George's,Injury Crashes,MSP75770093,Maryland State Police,Other,Interstate,No,Yes,No,No,CAPITAL BELTWAY,95,INTERSTATE ROUTE,No,TRUE,No,3/6/2024,3/6/2024,2,MSP,98,16,2,No,,Point,2:22,2024,Wednesday,15,Parked Vehicle,9,Roadside,1,,,,,,9,Through Roadway,39.01842362,3,Dark - Lighted,3/6/2024,-76.92200501,W,19.34,F,N,No,,,57278238E64AAB55BB12613ACFB24587AB1A2C2E7B4FC232B54F424A1D58BC6D,IS,1,No,12,Motor Vehicle In Transport,9,Roadside,1,Dry,,,No,,,,,,,2024,POINT (-76.92200501400001 39.018423617)
Prince George's,Property Damage Crashes,MSP75770086,Maryland State Police,Front to Rear,Interstate,Yes,No,No,No,CAPITAL BELTWAY (SB/L),95,INTERSTATE ROUTE,No,TRUE,No,1/12/2024,1/12/2024,23,MSP,3,16,3,No,,Point,23:55,2024,Friday,12,Motor Vehicle In Transport,5,On Roadway,1,,,,,,6,Non-Junction,39.01842426,3,Dark - Lighted,1/12/2024,-76.91940894,E,20.61,F,N,No,,,42894DE64B362E6D5499AD77D0B5822778130F7578908293D25284D9489A7B04,IS,1,No,97,Not Applicable,,,9,Wet,,,No,,,,,,,2024,POINT (-76.919408937 39.018424257)
Prince George's,Property Damage Crashes,MSP7865000G,Maryland State Police,Front to Rear,Interstate,No,Yes,No,No,CAPITAL BELTWAY (SB/L),95,INTERSTATE ROUTE,No,TRUE,No,12/13/2024,12/13/2024,14,MSP,3,16,3,No,,Point,14:52,2024,Friday,12,Motor Vehicle In Transport,5,On Roadway,1,,,,,,6,Non-Junction,39.0184283,1,Daylight,12/13/2024,-76.9193253,E,49.28,F,N,No,,,8A67B526FD9422C6C101DE56438E2C76C3B01254C7F3F8BD326178B06D489F5D,IS,1,No,,,,,1,Dry,,,No,,,,,,,2024,POINT (-76.9193253 39.0184283)
Prince George's,Property Damage Crashes,MSP73950072,Maryland State Police,"Sideswipe, Same Direction",Interstate,No,Yes,No,No,CAPITAL BELTWAY,95,INTERSTATE ROUTE,No,TRUE,No,10/8/2024,10/8/2024,22,MSP,7,16,3,No,,Point,22:35,2024,Tuesday,12,Motor Vehicle In Transport,5,On Roadway,1,,,,,,6,Non-Junction,39.01844125,3,Dark - Lighted,10/8/2024,-76.92051,N,57.08,F,N,No,,,439CD53021A05DB4D9EA242043375C945BCD71F65AC9D24F8AFB57C0A42F3A58,IS,1,No,,,,,1,Dry,,,No,,,,,,,2024,POINT (-76.92050999999999 39.018441249)
Prince George's,Property Damage Crashes,MSP74530091,Maryland State Police,Front to Rear,Interstate,No,No,No,No,CAPITAL BELTWAY (SB/L),95,INTERSTATE ROUTE,No,TRUE,No,8/3/2024,8/3/2024,22,MSP,3,16,3,No,,Point,22:38,2024,Saturday,12,Motor Vehicle In Transport,5,On Roadway,1,,,,,,6,Non-Junction,39.0184423,4,Dark - Not Lighted,8/3/2024,-76.91967745,E,41.39,F,N,No,,,CBC8EB5B224A2C5AE6ECD09BEF1C75ACA3B64F48A66EF429BA803D1D7A195317,IS,1,No,12,Motor Vehicle In Transport,5,On Roadway,1,Dry,,,No,,,,,,,2024,POINT (-76.91967744900001 39.018442301)
Prince George's,Property Damage Crashes,MSP657700D5,Maryland State Police,"Sideswipe, Same Direction",Interstate,No,No,No,No,CAPITAL BELTWAY,95,INTERSTATE ROUTE,No,TRUE,No,11/7/2024,11/7/2024,7,MSP,7,16,3,No,,Point,7:21,2024,Thursday,12,Motor Vehicle In Transport,5,On Roadway,1,,,,,,6,Non-Junction,39.01844526,1,Daylight,11/7/2024,-76.92681885,W,33.9,F,N,No,,,CC41B96C0BDBBC92E5D90A653A3F11BCC911BE6C3A47DF0BE3A1A60D22B8E73B,IS,1,No,97,Not Applicable,,,1,Dry,,,No,,,,,,,2024,POINT (-76.926818846 39.018445263)
Prince George's,Property Damage Crashes,MSP7395004V,Maryland State Police,Front to Rear,Interstate,No,No,No,No,CAPITAL BELTWAY (SB/L),95,INTERSTATE ROUTE,No,TRUE,No,5/22/2024,5/22/2024,6,MSP,3,16,3,No,,Point,6:22,2024,Wednesday,12,Motor Vehicle In Transport,5,On Roadway,1,,,,,,6,Non-Junction,39.01844911,1,Daylight,5/22/2024,-76.91794443,W,24.95,F,N,No,,,1A865EB0EE193486DD1243D54996156CC99F1F328B0AEC36312679BC1DDA5B0E,IS,1,No,,,,,1,Dry,,,No,,,,,,,2024,POINT (-76.91794442600001 39.018449105)
Prince George's,Injury Crashes,MSP743900FC,Maryland State Police,Front to Rear,Interstate,No,No,No,No,CAPITAL BELTWAY (SB/L),95,INTERSTATE ROUTE,No,TRUE,No,3/30/2024,3/30/2024,20,MSP,3,16,2,Yes,,Point,20:02,2024,Saturday,12,Motor Vehicle In Transport,5,On Roadway,1,,,,,,9,Through Roadway,39.01845833,4,Dark - Not Lighted,3/30/2024,-76.91697,S,31.09,F,N,No,,,224C970F81E5700607863ABC6F46FA4CB29FC33E321222F4BF5D5B8356DF5C6A,IS,1,No,,,,,1,Dry,,,No,,,,,,,2024,POINT (-76.91697000000001 39.018458333)
Prince George's,Property Damage Crashes,MSP77760023,Maryland State Police,Front to Rear,Interstate,No,No,No,No,CAPITAL BELTWAY (SB/L),95,INTERSTATE ROUTE,No,TRUE,No,9/4/2024,9/4/2024,9,MSP,3,16,3,No,,Point,9:55,2024,Wednesday,12,Motor Vehicle In Transport,5,On Roadway,1,,,,,,6,Non-Junction,39.01846206,1,Daylight,9/4/2024,-76.91925656,W,25.45,F,N,No,,,42894DE64B362E6D5499AD77D0B5822778130F7578908293D25284D9489A7B04,IS,1,No,,,,,1,Dry,,,No,,,,,,,2024,POINT (-76.919256558 39.018462063)
Prince George's,Property Damage Crashes,MSP743900J8,Maryland State Police,Front to Rear,Interstate,No,Yes,No,No,CAPITAL BELTWAY (SB/L),95,INTERSTATE ROUTE,No,TRUE,No,10/8/2024,10/8/2024,6,MSP,3,16,3,No,,Point,6:35,2024,Tuesday,12,Motor Vehicle In Transport,5,On Roadway,1,,,,,,9,Through Roadway,39.0184727,3,Dark - Lighted,10/8/2024,-76.91805837,E,62.16,F,N,No,,,C0101D7155E5BB1696F18A6042A573B5F5D0DCE348918B5C7F67FD696F435E6A,IS,1,No,,,,,1,Dry,,,No,,,,,,,2024,POINT (-76.918058368 39.018472695)
Prince George's,Property Damage Crashes,MSP7681009P,Maryland State Police,Front to Rear,Interstate,No,No,No,No,CAPITAL BELTWAY,95,INTERSTATE ROUTE,No,TRUE,No,11/28/2024,11/28/2024,13,MSP,3,16,3,No,,Point,13:58,2024,Thursday,12,Motor Vehicle In Transport,5,On Roadway,1,,,,,,9,Through Roadway,39.01847857,1,Daylight,11/28/2024,-76.9233173,S,68.1,F,N,No,,,E1E5B213958EFFD662C78CD6BBEE817CC8DECE4EEA706F09D6D4B42D437A3285,IS,1,No,40,Tree (standing),7,"On Shoulder, Right Side",1,Dry,,,No,,,,,,,2024,POINT (-76.92331729999999 39.018478567)
Prince George's,Property Damage Crashes,DA306200DD,Prince George's County Police,Front to Rear,Interstate,No,No,No,No,CAPITAL BELTWAY (SB/L),95,INTERSTATE ROUTE,No,TRUE,No,10/23/2024,10/23/2024,10,PGCOPD,3,16,3,No,,Point,10:30,2024,Wednesday,12,Motor Vehicle In Transport,5,On Roadway,1,,,,,,6,Non-Junction,39.01848146,1,Daylight,10/23/2024,-76.91817815,S,16.02,F,N,No,,,18700711EF4B5F37A466FC8071EB51B4CAB64AB97761D9730867AFAEF6A23062,IS,1,No,,,,,1,Dry,,,No,,,,,,,2024,POINT (-76.918178146 39.018481456)
Prince George's,Injury Crashes,MSP7339003K,Maryland State Police,Rear To Rear,Interstate,No,No,No,No,CAPITAL BELTWAY (SB/L),95,INTERSTATE ROUTE,No,TRUE,No,1/13/2024,1/13/2024,0,MSP,4,16,2,No,,Point,0:05,2024,Saturday,12,Motor Vehicle In Transport,5,On Roadway,1,,101,State,,,9,Through Roadway,39.0184903,3,Dark - Lighted,1/13/2024,-76.91968433,E,47.59,F,N,No,,,CBC8EB5B224A2C5AE6ECD09BEF1C75ACA3B64F48A66EF429BA803D1D7A195317,IS,1,No,25,Concrete Traffic Barrier,3,Median,9,Wet,,,No,,,,,,,2024,POINT (-76.91968433300001 39.0184903)
Prince George's,Property Damage Crashes,MSP693800M5,Maryland State Police,"Sideswipe, Same Direction",Interstate,No,Yes,No,No,RAMP 7 FR IS 95 WB TO US 1 SB,95,RAMP,No,TRUE,No,11/8/2024,11/8/2024,14,MSP,7,16,3,No,,Point,14:56,2024,Friday,12,Motor Vehicle In Transport,5,On Roadway,1,,,,,,6,Non-Junction,39.01849537,1,Daylight,11/8/2024,-76.9217993,N,5.43,F,N,No,,,8A7023A5AC32C99DE54E134E2E231C99E5005E94403A033DFB7E484127C4BBEF,RP,1,No,,,,,1,Dry,,,No,,,,,,,2024,POINT (-76.92179930099999 39.018495371)
Prince George's,Property Damage Crashes,MSP75520056,Maryland State Police,"Sideswipe, Same Direction",Interstate,No,No,No,No,RAMP 7 FR IS 95 WB TO US 1 SB,95,RAMP,No,TRUE,No,4/30/2024,4/30/2024,15,MSP,7,16,3,No,,Point,15:55,2024,Tuesday,12,Motor Vehicle In Transport,5,On Roadway,1,,,,,,6,Non-Junction,39.018509,1,Daylight,4/30/2024,-76.92132723,E,18.54,F,N,No,,,4C3633AE958D8055A8FC27CF04A9A2527961B80A502FCFF52E55650B59979632,RP,1,No,,,,,1,Dry,,,No,,,,,,,2024,POINT (-76.921327229 39.018509)
Prince George's,Property Damage Crashes,MSP7514006R,Maryland State Police,Front to Rear,Interstate,Yes,No,No,No,CAPITAL BELTWAY,95,INTERSTATE ROUTE,Yes,TRUE,No,12/7/2024,12/7/2024,18,MSP,3,16,3,No,,Point,18:41,2024,Saturday,12,Motor Vehicle In Transport,5,On Roadway,1,,,,,,6,Non-Junction,39.01855192,3,Dark - Lighted,12/7/2024,-76.9206461,E,51.08,F,N,No,,,FE3B93C020685C30D06FF92B1ACE93363EBCD429D4E159B747FC4AE073FB5F9F,IS,1,No,,,,,1,Dry,,,No,,,,,,,2024,POINT (-76.92064609800001 39.018551922)
Prince George's,Injury Crashes,MSP741900CR,Maryland State Police,"Sideswipe, Same Direction",Interstate,No,No,No,No,CAPITAL BELTWAY (SB/L),95,INTERSTATE ROUTE,No,TRUE,No,12/26/2024,12/26/2024,7,MSP,7,16,2,No,,Point,7:38,2024,Thursday,12,Motor Vehicle In Transport,5,On Roadway,1,,,,,,6,Non-Junction,39.01856,1,Daylight,12/26/2024,-76.92847333,S,37.11,F,N,No,,,EEE4F9D062C17E57BB106E7A67EF5F22ED8D78EFC07CBA0059A593D1EA56098A,IS,1,No,25,Concrete Traffic Barrier,9,Roadside,1,Dry,,,No,,,,,,,2024,POINT (-76.928473333 39.01856)
Prince George's,Injury Crashes,MSP75140055,Maryland State Police,Front to Rear,Interstate,No,No,No,No,CAPITAL BELTWAY,95,INTERSTATE ROUTE,No,TRUE,No,8/2/2024,8/2/2024,21,MSP,3,16,2,No,,Point,21:08,2024,Friday,12,Motor Vehicle In Transport,5,On Roadway,1,,,,,,6,Non-Junction,39.01856011,5,Dark - Unknown Lighting,8/2/2024,-76.92067535,W,41.19,F,N,No,,,5742EB39B8A572610DEA827502EDB8B3EB5856386A1B72BD5320B57B26842F12,IS,1,No,,,,,1,Dry,,,No,,,,,,,2024,POINT (-76.920675352 39.018560109)
Prince George's,Property Damage Crashes,MSP7764003M,Maryland State Police,Front to Rear,Principal Arterial – Other,No,No,No,No,BALTIMORE AVE,1,UNITED STATE ROUTE,No,TRUE,No,8/25/2024,8/25/2024,13,MSP,3,16,3,No,,Point,13:31,2024,Sunday,12,Motor Vehicle In Transport,5,On Roadway,3,,,,,,6,Non-Junction,39.01857404,1,Daylight,8/25/2024,-76.92640333,N,20.28,F,N,No,,,1F9168FE355502CCAA97842DFB8F4D8B51754CDC3927B6EC2D9497F6EB4F9BF7,US,1,No,,,,,1,Dry,,,No,,,,,,,2024,POINT (-76.926403331 39.018574036)
Prince George's,Property Damage Crashes,MSP7577008J,Maryland State Police,"Sideswipe, Same Direction",Interstate,No,No,No,No,CAPITAL BELTWAY,95,INTERSTATE ROUTE,No,TRUE,No,2/8/2024,2/8/2024,0,MSP,7,16,3,No,,Point,0:12,2024,Thursday,12,Motor Vehicle In Transport,5,On Roadway,1,,,,RAMP 7 FR IS 95 WB TO US 1 SB,,9,Through Roadway,39.01857811,3,Dark - Lighted,2/8/2024,-76.9208895,S,35.81,F,N,No,,,F8B8E5B2D712F34FA2A132B50BB3CF25DC3659FED8F4520E5F8A708BB91DAB35,IS,1,No,97,Not Applicable,,,1,Dry,,,No,,,,,,,2024,POINT (-76.9208895 39.018578107)
Prince George's,Injury Crashes,MSP7395005R,Maryland State Police,Front to Rear,Interstate,No,No,No,No,CAPITAL BELTWAY,95,INTERSTATE ROUTE,No,TRUE,No,7/18/2024,7/18/2024,18,MSP,3,16,2,No,,Point,18:06,2024,Thursday,12,Motor Vehicle In Transport,5,On Roadway,1,,,,,,6,Non-Junction,39.01857938,1,Daylight,7/18/2024,-76.92070118,E,18.02,F,N,No,,,439CD53021A05DB4D9EA242043375C945BCD71F65AC9D24F8AFB57C0A42F3A58,IS,1,No,,,,,1,Dry,,,No,,,,,,,2024,POINT (-76.920701178 39.018579379)
Prince George's,Property Damage Crashes,MSP741900C3,Maryland State Police,Single Vehicle,Interstate,Yes,No,No,No,RAMP 7 FR IS 95 WB TO US 1 SB,95,RAMP,No,TRUE,No,11/25/2024,11/25/2024,1,MSP,101,16,3,No,,Point,1:54,2024,Monday,7,Overturn/Rollover,9,Roadside,1,,,,,,4,Entrance/Exit Ramp or Related,39.01858667,3,Dark - Lighted,11/25/2024,-76.923745,E,18.12,F,N,No,,,064482A7D319BBEB607533FED3742D18DB08E0F794C03EE72ED2E0ADDEF29111,RP,1,No,,,,,1,Dry,,,No,,,,,,,2024,POINT (-76.923745 39.018586667)
Prince George's,Property Damage Crashes,MSP7453003Z,Maryland State Police,"Sideswipe, Same Direction",Interstate,No,No,No,No,CAPITAL BELTWAY,95,INTERSTATE ROUTE,No,TRUE,No,2/8/2024,2/8/2024,21,MSP,7,16,3,No,,Point,21:50,2024,Thursday,12,Motor Vehicle In Transport,5,On Roadway,1,,101,State,,,6,Non-Junction,39.01860419,4,Dark - Not Lighted,2/8/2024,-76.92067738,S,19.31,F,N,No,,,439CD53021A05DB4D9EA242043375C945BCD71F65AC9D24F8AFB57C0A42F3A58,IS,1,No,32,Guardrail Face,7,"On Shoulder, Right Side",1,Dry,,,No,,,,,,,2024,POINT (-76.920677377 39.018604188)
Prince George's,Property Damage Crashes,MSP744200MC,Maryland State Police,Front to Rear,Interstate,No,No,No,No,CAPITAL BELTWAY,95,INTERSTATE ROUTE,No,TRUE,No,9/10/2024,9/10/2024,6,MSP,3,16,3,No,,Point,6:02,2024,Tuesday,12,Motor Vehicle In Transport,5,On Roadway,1,,101,State,,,9,Through Roadway,39.01861321,4,Dark - Not Lighted,9/10/2024,-76.9172018,W,33.38,F,N,No,,,5B9657D6172D1B99EC46D480CB26DB7800AD6A6A798CFC39E717CB5A5F3249A1,IS,1,No,7,Overturn/Rollover,5,On Roadway,1,Dry,,,No,,,,,,,2024,POINT (-76.917201803 39.018613209)
Prince George's,Property Damage Crashes,MSP7514005C,Maryland State Police,Single Vehicle,Interstate,No,No,No,No,CAPITAL BELTWAY,95,INTERSTATE ROUTE,No,TRUE,No,8/28/2024,8/28/2024,22,MSP,101,16,3,No,,Point,22:12,2024,Wednesday,25,Concrete Traffic Barrier,3,Median,1,,,,,,6,Non-Junction,39.01861333,5,Dark - Unknown Lighting,8/28/2024,-76.91880333,W,30.86,F,N,No,,,8C7F10C506CD924DFA1B483BB03608D9DA93621906C803A5750749DAFB7991BE,IS,1,No,,,,,1,Dry,,,No,,,,,,,2024,POINT (-76.918803333 39.018613333)
Prince George's,Property Damage Crashes,MSP743900FS,Maryland State Police,"Sideswipe, Same Direction",Interstate,No,No,No,No,CAPITAL BELTWAY,95,INTERSTATE ROUTE,No,TRUE,No,4/23/2024,4/23/2024,18,MSP,7,16,3,No,,Point,18:28,2024,Tuesday,12,Motor Vehicle In Transport,5,On Roadway,1,,100,Local,,,9,Through Roadway,39.018615,1,Daylight,4/23/2024,-76.91935333,E,33.9,F,N,No,,,A07DFF6D9D3A0E20A19ABA620B0976D6912A09E019263897FF3F48728DDB894D,IS,1,No,,,,,1,Dry,,,No,,,,,,,2024,POINT (-76.919353333 39.018615)
Prince George's,Property Damage Crashes,MSP627500SV,Maryland State Police,Front to Rear,Interstate,No,No,No,No,CAPITAL BELTWAY,95,INTERSTATE ROUTE,No,TRUE,No,9/10/2024,9/10/2024,7,MSP,3,16,3,No,,Point,7:04,2024,Tuesday,12,Motor Vehicle In Transport,5,On Roadway,1,,,,,,9,Through Roadway,39.01863,1,Daylight,9/10/2024,-76.91645,S,41.16,F,N,No,,,924CD6B03C087D443A2FB8C9943CDBED5ED1F2F3F5B96BEC9D557EB8619D20DB,IS,1,No,97,Not Applicable,,,1,Dry,,,No,,,,,,,2024,POINT (-76.91645 39.01863)
Prince George's,Property Damage Crashes,MSP7514004M,Maryland State Police,Other,Interstate,No,No,No,No,CAPITAL BELTWAY,95,INTERSTATE ROUTE,No,TRUE,No,6/13/2024,6/13/2024,15,MSP,98,16,3,No,,Point,15:23,2024,Thursday,12,Motor Vehicle In Transport,5,On Roadway,1,,,,,,6,Non-Junction,39.01863138,1,Daylight,6/13/2024,-76.91932687,W,26.99,F,N,No,,,D57880397811724B70E1ADC1D0A4F54AD09D1E8BA0B18D3FE22F4F558C737FA5,IS,1,No,,,,,1,Dry,,,No,,,,,,,2024,POINT (-76.91932686600001 39.018631378)
Prince George's,Property Damage Crashes,MSP744200MB,Maryland State Police,Front to Rear,Interstate,No,No,No,No,CAPITAL BELTWAY,95,INTERSTATE ROUTE,No,TRUE,No,9/8/2024,9/8/2024,6,MSP,3,16,3,No,,Point,6:13,2024,Sunday,12,Motor Vehicle In Transport,5,On Roadway,1,,101,State,,,9,Through Roadway,39.01863508,1,Daylight,9/8/2024,-76.91744139,W,15.42,F,N,No,,,379B9289C2A2F85DCDE563653A8421E1F95776E950F289DD48721BD76A7F9B50,IS,1,No,32,Guardrail Face,7,"On Shoulder, Right Side",1,Dry,,,No,,,,,,,2024,POINT (-76.91744138999999 39.018635076)
Prince George's,Property Damage Crashes,MSP743900L2,Maryland State Police,Single Vehicle,Interstate,No,No,No,No,CAPITAL BELTWAY,95,INTERSTATE ROUTE,No,TRUE,No,12/13/2024,12/13/2024,4,MSP,101,16,3,No,,Point,4:25,2024,Friday,32,Guardrail Face,9,Roadside,1,,,,,,9,Through Roadway,39.0186483,4,Dark - Not Lighted,12/13/2024,-76.91844865,W,27.48,F,N,No,,,5A985DFBCDF48A402D467F2D68E83EAACAD006EBBDFABEC9DBCF1D8ADBBD1B0C,IS,1,No,,,,,1,Dry,,,No,,,,,,,2024,POINT (-76.918448649 39.018648296)
Prince George's,Injury Crashes,MSP745000HD,Maryland State Police,"Sideswipe, Same Direction",Interstate,No,No,No,No,CAPITAL BELTWAY,95,INTERSTATE ROUTE,No,TRUE,No,11/23/2024,11/23/2024,8,MSP,7,16,2,No,,Point,8:51,2024,Saturday,12,Motor Vehicle In Transport,5,On Roadway,1,,,,,,9,Through Roadway,39.0186627,1,Daylight,11/23/2024,-76.91910793,E,10.82,F,N,No,,,61D76BBCB099F14AF52FBAB808F7E043FAAFB0ECC7E34FBDAC13EDCCA2616198,IS,1,No,7,Overturn/Rollover,5,On Roadway,1,Dry,,,No,,,,,,,2024,POINT (-76.919107932 39.018662697)
Prince George's,Property Damage Crashes,MSP675100KM,Maryland State Police,Single Vehicle,Interstate,No,Yes,No,No,CAPITAL BELTWAY,95,INTERSTATE ROUTE,No,TRUE,No,12/16/2024,12/16/2024,20,MSP,101,16,3,No,,Point,20:41,2024,Monday,3,Explosion Or Fire,5,On Roadway,1,,,,,,6,Non-Junction,39.01866426,4,Dark - Not Lighted,12/16/2024,-76.91800016,S,7,F,N,No,,,0425BC7817000B4C038B444B73DE01652E5388C597AA349D75E59B8C6A3EF81C,IS,1,No,,,,,1,Dry,,,No,,,,,,,2024,POINT (-76.918000159 39.018664261)