Crash_County_Description,Crash_Severity_Description,Reportnumber,Agencyname,CollisionImpact_Description,FunctionalClass_Description,ImpairedCrash,Large_Vehicle_Involved,Motorcycle_Crash,Non-Motorist_Crash,RoadName,Route_Number,RouteType_Description,Unrestrained_Occupants,WithinDateRange,Work_Zone_Related,Crashdate,LOD_Crash_Date,Crashhour,AgencyCode,CollisionImpact,Crash_County,Crash_Severity,Crash_Within_Interchange,CrashInterchangeApproaches,CrashPoint,Crashtime,CrashYear,Dayofweek,FirstHarmEvent,FirstHarmEvent_Description,FirstHarmLocation,FirstHarmLocation_Description,FunctionalClass,Geometry_Description,GovPropertyDamage,GovPropertyDamage_Description,IntersectingRoadName,Intersection_Geometry,JunctionRelated,JunctionRelated_Description,Latitude,Light,Light_Description,LOD_Date_Level,Longitude,MilepointDirection,MilepointDistance,MilepointUnits,NonTrafficFatal,OffRoad,OffroadLocation,OffroadLocation_Description,RoadID,RouteType,SchoolBusRelated,SchoolBusRelated_Description,SecondHarmEvent,SecondHarmEvent_Description,SecondHarmLocation,SecondHarmLocation_Description,Surface,Surface_Description,TrafficControl,Trafficcontrol_Description,Work_Zone_Crash,WZLawEnforcementPresent,WZLocation,WZLocation_Description,WZType,WZType_Description,WZWorkersPresent,year,geometry
Prince George's,Property Damage Crashes,MSP732800CD,Maryland State Police,Single Vehicle,Interstate,No,No,No,No,CAPITAL BELTWAY,95,INTERSTATE ROUTE,No,TRUE,No,1/10/2024,1/10/2024,5,MSP,101,16,3,No,,Point,5:03,2024,Wednesday,25,Concrete Traffic Barrier,3,Median,1,,101,State,,,6,Non-Junction,39.01866496,3,Dark - Lighted,1/10/2024,-76.91909981,E,8.66,F,N,No,,,61D76BBCB099F14AF52FBAB808F7E043FAAFB0ECC7E34FBDAC13EDCCA2616198,IS,1,No,97,Not Applicable,,,9,Wet,,,No,,,,,,,2024,POINT (-76.91909981400001 39.018664961)
Prince George's,Property Damage Crashes,MSP7395002T,Maryland State Police,Front to Rear,Interstate,No,No,No,No,CAPITAL BELTWAY,95,INTERSTATE ROUTE,No,TRUE,No,1/24/2024,1/24/2024,15,MSP,3,16,3,No,,Point,15:33,2024,Wednesday,12,Motor Vehicle In Transport,5,On Roadway,1,,,,,,6,Non-Junction,39.01867283,1,Daylight,1/24/2024,-76.91951361,W,26.2,F,N,No,,,EAA8BA6D1419AED63F53BDB30D3B93DBB1E1B44EA157E51FAB124CD422C652F6,IS,1,No,97,Not Applicable,,,1,Dry,,,No,,,,,,,2024,POINT (-76.91951361300001 39.018672827)
Prince George's,Injury Crashes,MSP7453003C,Maryland State Police,Front to Rear,Interstate,No,No,No,No,CAPITAL BELTWAY (SB/L),95,INTERSTATE ROUTE,No,TRUE,No,1/1/2024,1/1/2024,2,MSP,3,16,2,No,,Point,2:18,2024,Monday,12,Motor Vehicle In Transport,5,On Roadway,1,,101,State,,,6,Non-Junction,39.01868142,4,Dark - Not Lighted,1/1/2024,-76.92924297,S,43.56,F,N,No,,,BE315DA1B087FF6BD977A0F6A8BBCBD6831FBA5C834B8ED9CEDF33466A681556,IS,1,No,25,Concrete Traffic Barrier,3,Median,1,Dry,,,No,,,,,,,2024,POINT (-76.929242966 39.018681416)
Prince George's,Injury Crashes,MSP7453008Y,Maryland State Police,"Sideswipe, Same Direction",Interstate,Yes,No,No,No,CAPITAL BELTWAY,95,INTERSTATE ROUTE,No,TRUE,No,8/2/2024,8/2/2024,19,MSP,7,16,2,No,,Point,19:50,2024,Friday,12,Motor Vehicle In Transport,5,On Roadway,1,,101,State,,,6,Non-Junction,39.01869667,4,Dark - Not Lighted,8/2/2024,-76.92056333,S,47.26,F,N,No,,,E5D6BD41BF289A0EDD9D95F74D3C6F9D0519CB32269FA3134682901D35E0B5B3,IS,1,No,12,Motor Vehicle In Transport,5,On Roadway,1,Dry,,,No,,,,,,,2024,POINT (-76.920563333 39.018696667)
Prince George's,Property Damage Crashes,MSP743900G3,Maryland State Police,Single Vehicle,Interstate,No,No,No,No,CAPITAL BELTWAY,95,INTERSTATE ROUTE,No,TRUE,No,5/4/2024,5/4/2024,23,MSP,101,16,3,No,,Point,23:44,2024,Saturday,25,Concrete Traffic Barrier,9,Roadside,1,,,,,,9,Through Roadway,39.01870575,4,Dark - Not Lighted,5/4/2024,-76.92860521,E,9.74,F,N,No,,,E2096898DC86205E0260EB14D283DABA5FD543B23AB877258844333BB3E8287C,IS,1,No,,,,,9,Wet,,,No,,,,,,,2024,POINT (-76.928605214 39.018705747)
Prince George's,Injury Crashes,MSP743900GZ,Maryland State Police,"Sideswipe, Same Direction",Interstate,No,Yes,No,No,CAPITAL BELTWAY,95,INTERSTATE ROUTE,Yes,TRUE,No,7/7/2024,7/7/2024,15,MSP,7,16,2,No,,Point,15:59,2024,Sunday,12,Motor Vehicle In Transport,5,On Roadway,1,,101,State,,,4,Entrance/Exit Ramp or Related,39.018722,1,Daylight,7/7/2024,-76.92692509,S,99.14,F,N,No,,,CC41B96C0BDBBC92E5D90A653A3F11BCC911BE6C3A47DF0BE3A1A60D22B8E73B,IS,1,No,25,Concrete Traffic Barrier,9,Roadside,1,Dry,,,No,,,,,,,2024,POINT (-76.92692508499999 39.018721995)
Prince George's,Property Damage Crashes,MSP743900HK,Maryland State Police,Front to Rear,Interstate,No,No,No,No,CAPITAL BELTWAY,95,INTERSTATE ROUTE,No,TRUE,No,8/27/2024,8/27/2024,14,MSP,3,16,3,No,,Point,14:27,2024,Tuesday,12,Motor Vehicle In Transport,5,On Roadway,1,,,,,,9,Through Roadway,39.01872333,1,Daylight,8/27/2024,-76.92777167,S,59.26,F,N,No,,,D6A5A7B11CCFFB71DF38FE8789799D0231F844E87F15EF16F2B56E9298AF6843,IS,1,No,,,,,1,Dry,,,No,,,,,,,2024,POINT (-76.927771667 39.018723333)
Prince George's,Injury Crashes,MSP7514004X,Maryland State Police,Other,Interstate,No,No,No,No,CAPITAL BELTWAY,95,INTERSTATE ROUTE,No,TRUE,No,6/30/2024,6/30/2024,11,MSP,98,16,2,No,,Point,11:31,2024,Sunday,12,Motor Vehicle In Transport,5,On Roadway,1,,,,,,6,Non-Junction,39.01872881,1,Daylight,6/30/2024,-76.91847941,S,30.77,F,N,No,,,5A985DFBCDF48A402D467F2D68E83EAACAD006EBBDFABEC9DBCF1D8ADBBD1B0C,IS,1,No,,,,,1,Dry,,,No,,,,,,,2024,POINT (-76.918479408 39.018728814)
Prince George's,Property Damage Crashes,MSP743900G4,Maryland State Police,Front to Rear,Interstate,No,No,No,No,CAPITAL BELTWAY,95,INTERSTATE ROUTE,No,TRUE,No,5/4/2024,5/4/2024,23,MSP,3,16,3,No,,Point,23:14,2024,Saturday,12,Motor Vehicle In Transport,5,On Roadway,1,,,,,,9,Through Roadway,39.01873815,4,Dark - Not Lighted,5/4/2024,-76.92849526,W,24.86,F,N,No,,,E2096898DC86205E0260EB14D283DABA5FD543B23AB877258844333BB3E8287C,IS,1,No,,,,,9,Wet,,,No,,,,,,,2024,POINT (-76.928495263 39.018738152)
Prince George's,Injury Crashes,MSP7778001Y,Maryland State Police,Front to Rear,Principal Arterial – Other,No,No,No,No,BALTIMORE AVE (SB/L),1,UNITED STATE ROUTE,No,TRUE,No,6/23/2024,6/23/2024,14,MSP,3,16,2,No,,Point,14:18,2024,Sunday,12,Motor Vehicle In Transport,5,On Roadway,3,,,,,,9,Through Roadway,39.01877182,1,Daylight,6/23/2024,-76.92652693,N,36.37,F,N,No,,,773AF640BCF17C17C719FFEAFE49141401A6AC93D541E24FA93F4DCFC908FEBA,US,1,No,,,,,1,Dry,,,No,,,,,,,2024,POINT (-76.92652693300001 39.018771817)
Prince George's,Property Damage Crashes,MSP657700DC,Maryland State Police,Single Vehicle,Interstate,Yes,No,No,No,RAMP 7 FR IS 95 WB TO US 1 SB,95,RAMP,No,TRUE,No,11/24/2024,11/24/2024,22,MSP,101,16,3,No,,Point,22:52,2024,Sunday,32,Guardrail Face,6,"On Shoulder, Left Side",1,,101,State,,,4,Entrance/Exit Ramp or Related,39.01879188,3,Dark - Lighted,11/24/2024,-76.92414646,S,9.96,F,N,No,,,F073EB7631E32934C206EFD37CA5F4813B2F4AEF14EDBD567985ED17EDB2C58A,RP,1,No,,,,,1,Dry,,,No,,,,,,,2024,POINT (-76.924146464 39.018791877)
Prince George's,Property Damage Crashes,MSP77780062,Maryland State Police,Single Vehicle,Principal Arterial – Other,Yes,No,No,No,BALTIMORE AVE,1,UNITED STATE ROUTE,No,TRUE,No,11/22/2024,11/22/2024,23,MSP,101,16,3,No,,Point,23:08,2024,Friday,25,Concrete Traffic Barrier,9,Roadside,3,,,,,,9,Through Roadway,39.01883036,4,Dark - Not Lighted,11/22/2024,-76.92629941,N,18.06,F,N,No,,,7D042E5F492C45FF85EA88169044BD8EA57EA4CF4C28519E62A2EC52D3F34EC6,US,1,No,,,,,1,Dry,,,No,,,,,,,2024,POINT (-76.92629940499999 39.018830358)
Prince George's,Injury Crashes,MSP7395005X,Maryland State Police,Front to Rear,Interstate,No,No,No,No,CAPITAL BELTWAY,95,INTERSTATE ROUTE,No,TRUE,No,8/6/2024,8/6/2024,7,MSP,3,16,2,No,,Point,7:26,2024,Tuesday,12,Motor Vehicle In Transport,5,On Roadway,1,,,,,,6,Non-Junction,39.01885339,1,Daylight,8/6/2024,-76.92973034,N,38.35,F,N,No,,,2D9AED4173B08D4CC110973261BF90FEF8F8D905330FC6DF8FCC07D6F0ECEDCA,IS,1,No,,,,,1,Dry,,,No,,,,,,,2024,POINT (-76.929730342 39.018853392)
Prince George's,Injury Crashes,MSP77640004,Maryland State Police,Front to Rear,Principal Arterial – Other,No,No,No,No,BALTIMORE AVE,1,UNITED STATE ROUTE,No,TRUE,No,4/20/2024,4/20/2024,11,MSP,3,16,2,No,,Point,11:01,2024,Saturday,12,Motor Vehicle In Transport,5,On Roadway,3,,,,,,6,Non-Junction,39.01888727,1,Daylight,4/20/2024,-76.92633758,E,14.68,F,N,No,,,7D042E5F492C45FF85EA88169044BD8EA57EA4CF4C28519E62A2EC52D3F34EC6,US,1,No,,,,,1,Dry,,,No,,,,,,,2024,POINT (-76.92633758300001 39.018887267)
Prince George's,Property Damage Crashes,MSP76810041,Maryland State Police,Front to Rear,Interstate,No,No,No,No,CAPITAL BELTWAY (SB/L),95,INTERSTATE ROUTE,No,TRUE,No,1/30/2024,1/30/2024,16,MSP,3,16,3,No,,Point,16:02,2024,Tuesday,12,Motor Vehicle In Transport,5,On Roadway,1,,,,,,9,Through Roadway,39.01898838,1,Daylight,1/30/2024,-76.93058737,W,40.1,F,N,No,,,F6B076E35DFFFF32BD063765A7BFC126578E46206A066AD3AE2AD34675D75C50,IS,1,No,,,,,1,Dry,,,No,,,,,,,2024,POINT (-76.930587366 39.018988383)
Prince George's,Property Damage Crashes,MSP75140063,Maryland State Police,Front to Rear,Principal Arterial – Other,No,No,No,No,BALTIMORE AVE (SB/L),1,UNITED STATE ROUTE,No,TRUE,No,10/11/2024,10/11/2024,7,MSP,3,16,3,No,,Point,7:06,2024,Friday,12,Motor Vehicle In Transport,5,On Roadway,3,,,,,,6,Non-Junction,39.01901417,1,Daylight,10/11/2024,-76.92643,N,60.75,F,N,No,,,B3CE5DADB206512BB22ACE463F8B7358603F18FA5DF4F968C8B2D00F3CC12744,US,1,No,,,,,1,Dry,,,No,,,,,,,2024,POINT (-76.92643 39.019014166)
Prince George's,Property Damage Crashes,MSP7577009M,Maryland State Police,"Sideswipe, Same Direction",Interstate,No,No,No,No,CAPITAL BELTWAY (SB/L),95,INTERSTATE ROUTE,No,TRUE,No,4/13/2024,4/13/2024,22,MSP,7,16,3,No,,Point,22:27,2024,Saturday,12,Motor Vehicle In Transport,5,On Roadway,1,,,,,,9,Through Roadway,39.01903945,3,Dark - Lighted,4/13/2024,-76.93056933,S,25.17,F,N,No,,,F33295D214844D8EA191D998F2275627E74BEF5EDC1B9CE1E0DF41383C909CB2,IS,1,No,12,Motor Vehicle In Transport,5,On Roadway,1,Dry,,,No,,,,,,,2024,POINT (-76.93056933299999 39.01903945)
Prince George's,Property Damage Crashes,MSP657700DH,Maryland State Police,Front to Rear,Principal Arterial – Other,No,No,No,No,BALTIMORE AVE,1,UNITED STATE ROUTE,No,TRUE,No,12/9/2024,12/9/2024,19,MSP,3,16,3,No,,Point,19:00,2024,Monday,12,Motor Vehicle In Transport,5,On Roadway,3,,,,,,6,Non-Junction,39.01928167,3,Dark - Lighted,12/9/2024,-76.92610167,W,17.64,F,N,No,,,B0EA7AE8D4DF884018AA693E3791E82EC1333C034FBF623AE94413421D31966B,US,1,No,12,Motor Vehicle In Transport,5,On Roadway,1,Dry,,,No,,,,,,,2024,POINT (-76.926101667 39.019281667)
Prince George's,Property Damage Crashes,MSP7764005H,Maryland State Police,Front to Rear,Principal Arterial – Other,No,No,No,No,BALTIMORE AVE,1,UNITED STATE ROUTE,No,TRUE,No,11/14/2024,11/14/2024,17,MSP,3,16,3,No,,Point,17:26,2024,Thursday,12,Motor Vehicle In Transport,5,On Roadway,3,,,,,,6,Non-Junction,39.01948817,3,Dark - Lighted,11/14/2024,-76.92614556,S,15.75,F,N,No,,,C56FF9CDE54637797F7745F3EA3A4B16BDD727657563976829ABDA700B752E2A,US,1,No,,,,,9,Wet,,,No,,,,,,,2024,POINT (-76.926145558 39.019488165)
Prince George's,Injury Crashes,MSP77780039,Maryland State Police,"Sideswipe, Same Direction",Principal Arterial – Other,No,No,No,No,BALTIMORE AVE,1,UNITED STATE ROUTE,No,TRUE,No,8/3/2024,8/3/2024,11,MSP,7,16,2,No,,Point,11:24,2024,Saturday,12,Motor Vehicle In Transport,5,On Roadway,3,,,,,,9,Through Roadway,39.01950916,1,Daylight,8/3/2024,-76.92607441,N,19.62,F,N,No,,,628BE673B9F68CDBBE7089B300774DCD50BB3400BFC85256063A33D9FE6A0CCB,US,1,No,,,,,1,Dry,,,No,,,,,,,2024,POINT (-76.92607440899999 39.019509162)
Prince George's,Property Damage Crashes,MSP743900GR,Maryland State Police,Angle,,No,No,No,No,,594,PRIVATE ROAD,No,TRUE,No,6/15/2024,6/15/2024,16,MSP,1,16,3,No,4,Point,16:18,2024,Saturday,12,Motor Vehicle In Transport,5,On Roadway,,Perpendicular,,,BALTIMORE AVE (SB/L) RAMP 7 FR IS 95 WB TO US 1 SB,3,5,Intersection or Related,39.01960599,1,Daylight,6/15/2024,-76.92610361,N,0,F,N,No,,,6AA8E45F676E38C6F11692F4A7DCFFA00C0AD487DE02C9C38BB9EF0DF252A7C1,PV,1,No,,,,,1,Dry,1,Signalized,No,,,,,,,2024,POINT (-76.92610360499999 39.019605993)
Prince George's,Property Damage Crashes,MSP757700DD,Maryland State Police,"Sideswipe, Same Direction",Interstate,No,No,No,No,RAMP 7 FR IS 95 WB TO US 1 SB,95,RAMP,No,TRUE,No,9/3/2024,9/3/2024,9,MSP,7,16,3,Yes,,Point,9:47,2024,Tuesday,12,Motor Vehicle In Transport,5,On Roadway,1,,,,,,9,Through Roadway,39.01963272,1,Daylight,9/3/2024,-76.9258196,W,36.21,F,N,No,,,1E8906ABE720D9BCE8F111BA5F29F31AF5E6C58C3DEA5AA5AE406060103D651A,RP,1,No,97,Not Applicable,,,1,Dry,,,No,,,,,,,2024,POINT (-76.925819597 39.01963272)
Prince George's,Property Damage Crashes,DA3495005N,Prince George's County Police,Front to Front,Principal Arterial – Other,No,No,No,No,BALTIMORE AVE,1,UNITED STATE ROUTE,No,TRUE,No,9/23/2024,9/23/2024,16,PGCOPD,2,16,3,No,,Point,16:53,2024,Monday,12,Motor Vehicle In Transport,5,On Roadway,3,,,,RAMP 7 FR IS 95 WB TO US 1 SB,,4,Entrance/Exit Ramp or Related,39.01963338,1,Daylight,9/23/2024,-76.92597893,N,25.85,F,N,No,,,8F246E9D239A58A5E68C233141C81029FC2F34E67987F77B6BAD434819351A8E,US,1,No,,,,,1,Dry,,,No,,,,,,,2024,POINT (-76.925978931 39.019633383)
Prince George's,Property Damage Crashes,MSP757700GC,Maryland State Police,Angle,Principal Arterial – Other,No,No,No,No,BALTIMORE AVE,1,UNITED STATE ROUTE,No,TRUE,No,12/20/2024,12/20/2024,16,MSP,1,16,3,Yes,2,Point,16:43,2024,Friday,12,Motor Vehicle In Transport,5,On Roadway,3,Perpendicular,,,RAMP 7 FR IS 95 WB TO US 1 SB,3,5,Intersection or Related,39.01964617,1,Daylight,12/20/2024,-76.92601694,N,0,F,N,No,,,8F246E9D239A58A5E68C233141C81029FC2F34E67987F77B6BAD434819351A8E,US,1,No,12,Motor Vehicle In Transport,5,On Roadway,1,Dry,1,Signalized,No,,,,,,,2024,POINT (-76.92601694299999 39.019646166)
Prince George's,Property Damage Crashes,MSP7419006B,Maryland State Police,"Sideswipe, Same Direction",Principal Arterial – Other,No,No,No,No,BALTIMORE AVE,1,UNITED STATE ROUTE,No,TRUE,No,2/21/2024,2/21/2024,23,MSP,7,16,3,No,5,Point,23:48,2024,Wednesday,12,Motor Vehicle In Transport,5,On Roadway,3,Perpendicular,,,RAMP 7 FR IS 95 WB TO US 1 SB,3,5,Intersection or Related,39.01965245,3,Dark - Lighted,2/21/2024,-76.92612131,E,0,F,N,No,,,8F246E9D239A58A5E68C233141C81029FC2F34E67987F77B6BAD434819351A8E,US,1,No,12,Motor Vehicle In Transport,5,On Roadway,1,Dry,1,Signalized,No,,,,,,,2024,POINT (-76.926121307 39.019652453)
Prince George's,Property Damage Crashes,MSP7419009G,Maryland State Police,Other,,No,No,No,No,,594,PRIVATE ROAD,No,TRUE,No,9/19/2024,9/19/2024,11,MSP,98,16,3,No,4,Point,11:59,2024,Thursday,12,Motor Vehicle In Transport,5,On Roadway,,Perpendicular,,,BALTIMORE AVE (SB/L) RAMP 7 FR IS 95 WB TO US 1 SB,3,5,Intersection or Related,39.01966464,1,Daylight,9/19/2024,-76.92617613,N,0,F,N,No,,,6AA8E45F676E38C6F11692F4A7DCFFA00C0AD487DE02C9C38BB9EF0DF252A7C1,PV,1,No,27,Curb,9,Roadside,1,Dry,1,Signalized,No,,,,,,,2024,POINT (-76.92617613100001 39.019664638)
Prince George's,Property Damage Crashes,MSP7778005P,Maryland State Police,Single Vehicle,Principal Arterial – Other,Yes,No,No,No,BALTIMORE AVE (SB/L),1,UNITED STATE ROUTE,No,TRUE,No,11/4/2024,11/4/2024,2,MSP,101,16,3,No,2,Point,2:30,2024,Monday,41,Utility Pole/Light Support,9,Roadside,3,Perpendicular,,,RAMP 7 FR IS 95 WB TO US 1 SB,3,5,Intersection or Related,39.01967935,3,Dark - Lighted,11/4/2024,-76.92618899,N,0,F,N,No,,,0B5654123B77D2584F6ECC6D69E0BEA76383F463EAC2000ED6D31257B047D783,US,1,No,,,,,1,Dry,1,Signalized,No,,,,,,,2024,POINT (-76.926188993 39.019679353)
Prince George's,Property Damage Crashes,DA3438001B,Prince George's County Police,Front to Rear,Principal Arterial – Other,No,No,No,No,BALTIMORE AVE (SB/L),1,UNITED STATE ROUTE,No,TRUE,No,8/29/2024,8/29/2024,17,PGCOPD,3,16,3,No,,Point,17:23,2024,Thursday,12,Motor Vehicle In Transport,5,On Roadway,3,,,,,,6,Non-Junction,39.01976574,1,Daylight,8/29/2024,-76.92606996,S,36.33,F,N,No,,,A47B96E26E28CEEE9F9C8BCF794EF056CEDA9CD04708E993A305ABB377D55F19,US,1,No,97,Not Applicable,,,1,Dry,,,No,,,,,,,2024,POINT (-76.926069961 39.019765739)
Prince George's,Property Damage Crashes,DA3713002D,Prince George's County Police,Single Vehicle,,No,No,No,No,,,,No,TRUE,No,1/7/2024,1/7/2024,2,PGCOPD,101,16,3,,,Point,2:00,2024,Sunday,35,"Other Fixed Object (wall, building, tunnel, etc.)",2,In Parking Lane Or Zone,,,,,,,,,39.01980888,3,Dark - Lighted,1/7/2024,-76.92975753,,,F,N,Yes,102,Parking Lot Way,,,1,No,35,"Other Fixed Object (wall, building, tunnel, etc.)",2,In Parking Lane Or Zone,,,,,No,,,,,,,2024,POINT (-76.92975753100001 39.01980888)
Prince George's,Property Damage Crashes,MSP7681006S,Maryland State Police,Single Vehicle,,Yes,No,No,No,,604,PRIVATE ROAD,No,TRUE,No,7/5/2024,7/5/2024,3,MSP,101,16,3,No,,Point,3:22,2024,Friday,7,Overturn/Rollover,4,"Off-Roadway, Location Unknown",,,,,,,6,Non-Junction,39.01983261,3,Dark - Lighted,7/5/2024,-76.92658313,W,63.99,F,N,No,,,192D617C050E4CC7E34CC0494134435B3016D974AE828426A122423A0C75F60C,PV,1,No,,,,,1,Dry,,,No,,,,,,,2024,POINT (-76.92658313299999 39.019832609)
Prince George's,Property Damage Crashes,MSP75140036,Maryland State Police,Rear To Side,Principal Arterial – Other,No,No,No,No,BALTIMORE AVE (SB/L),1,UNITED STATE ROUTE,No,TRUE,No,1/31/2024,1/31/2024,6,MSP,5,16,3,No,,Point,6:50,2024,Wednesday,12,Motor Vehicle In Transport,5,On Roadway,3,,,,,,99,Unknown,39.01990797,1,Daylight,1/31/2024,-76.92608473,S,25.48,F,N,No,,,EF2CDB1C9087E260EC614D909DC08466BD7EA3D629D428C4150A32FB6CE27DDD,US,1,No,12,Motor Vehicle In Transport,5,On Roadway,1,Dry,,,No,,,,,,,2024,POINT (-76.926084734 39.019907969)
Prince George's,Property Damage Crashes,DA4340002J,Prince George's County Police,Single Vehicle,Principal Arterial – Other,No,No,No,No,BALTIMORE AVE,1,UNITED STATE ROUTE,No,TRUE,No,4/27/2024,4/27/2024,20,PGCOPD,101,16,3,No,,Point,20:20,2024,Saturday,35,"Other Fixed Object (wall, building, tunnel, etc.)",99,Unknown,3,,,,,,99,Unknown,39.02031245,5,Dark - Unknown Lighting,4/27/2024,-76.92571391,W,36.11,F,N,No,,,3433DA959D1D6354F254FC08A8E658B27A66B4F2245BF5A72E879361D95CBB6C,US,1,No,,,,,1,Dry,,,No,,,,,,,2024,POINT (-76.925713913 39.020312451)
Prince George's,Injury Crashes,DA39650088,Prince George's County Police,Front to Rear,Principal Arterial – Other,No,No,No,No,BALTIMORE AVE (SB/L),1,UNITED STATE ROUTE,No,TRUE,No,7/2/2024,7/2/2024,16,PGCOPD,3,16,2,Yes,,Point,16:56,2024,Tuesday,12,Motor Vehicle In Transport,5,On Roadway,3,,,,,,99,Unknown,39.02039561,1,Daylight,7/2/2024,-76.92634372,N,638.59,F,N,No,,,B719D4C53176E78B5B1596FDBA8FDC0403B8F5B6B63734B33A68ED12E121D10A,US,1,No,,,,,1,Dry,,,No,,,,,,,2024,POINT (-76.926343718 39.020395605)
Prince George's,Injury Crashes,DA4304005B,Prince George's County Police,Single Vehicle,,No,No,No,Yes,,,,No,TRUE,No,10/21/2024,10/21/2024,12,PGCOPD,101,16,2,,,Point,12:34,2024,Monday,17,Pedestrian,2,In Parking Lane Or Zone,,,,,,,,,39.02083615,1,Daylight,10/21/2024,-76.92740079,,,F,N,Yes,102,Parking Lot Way,,,1,No,,,,,,,,,No,,,,,,,2024,POINT (-76.927400789 39.02083615)
Prince George's,Property Damage Crashes,DA41930073,Prince George's County Police,Rear To Side,,No,No,No,No,,1291,COUNTY ROAD,No,TRUE,No,3/3/2024,3/3/2024,15,PGCOPD,5,16,3,Yes,3,Point,15:14,2024,Sunday,12,Motor Vehicle In Transport,5,On Roadway,,Perpendicular,,,PADUCAH RD RHODE ISLAND AVE RHODE ISLAND AVE (NB/L),3,5,Intersection or Related,39.02084399,1,Daylight,3/3/2024,-76.91922789,W,0,F,N,No,,,1343770EC3F26D94BC55223C4CCFB178459469B55682C9BD29749AB1D1C9B6F9,CO,1,No,27,Curb,9,Roadside,1,Dry,2,Stop - All Way,No,,,,,,,2024,POINT (-76.919227893 39.020843992)
Prince George's,Property Damage Crashes,MSP697200DV,Maryland State Police,Front to Rear,,No,Yes,No,No,IKEA CENTER BLVD,1787,PRIVATE ROAD,No,TRUE,No,10/7/2024,10/7/2024,14,MSP,3,16,3,No,4,Point,14:52,2024,Monday,12,Motor Vehicle In Transport,5,On Roadway,,Perpendicular,,,BALTIMORE AVE (SB/L),3,5,Intersection or Related,39.0215353,1,Daylight,10/7/2024,-76.92508291,N,0,F,N,No,,,E21A6EC1BDC3C7539EC00B04458680746DCD56EB8DC8C369D984CB927D86C2C0,PV,1,No,,,,,1,Dry,1,Signalized,No,,,,,,,2024,POINT (-76.925082914 39.021535301)
Prince George's,Injury Crashes,DA4069008H,Prince George's County Police,Single Vehicle,,No,No,No,Yes,IKEA CENTER BLVD,1787,PRIVATE ROAD,No,TRUE,No,1/25/2024,1/25/2024,17,PGCOPD,101,16,2,Yes,,Point,17:34,2024,Thursday,17,Pedestrian,5,On Roadway,,,,,,,99,Unknown,39.02162112,3,Dark - Lighted,1/25/2024,-76.92528369,N,26.43,F,N,No,,,55BE07F0BB80172492A3142C099320802AB024CCC781D53B4B77347B9E5385DE,PV,1,No,,,,,9,Wet,,,No,,,,,,,2024,POINT (-76.925283686 39.021621123)
Prince George's,Property Damage Crashes,DA41930079,Prince George's County Police,Single Vehicle,,No,No,No,No,,,,No,TRUE,No,7/29/2024,7/29/2024,21,PGCOPD,101,16,3,,,Point,21:18,2024,Monday,37,Other Traffic Barrier,4,"Off-Roadway, Location Unknown",,,,,,,,,39.02166472,3,Dark - Lighted,7/29/2024,-76.92928752,,,F,N,Yes,102,Parking Lot Way,,,1,No,,,,,,,,,No,,,,,,,2024,POINT (-76.929287524 39.021664717)
Prince George's,Property Damage Crashes,DA40690098,Prince George's County Police,Front to Front,,No,No,No,No,,,,No,TRUE,No,7/23/2024,7/23/2024,12,PGCOPD,2,16,3,,,Point,12:19,2024,Tuesday,12,Motor Vehicle In Transport,5,On Roadway,,,,,,,,,39.02223872,1,Daylight,7/23/2024,-76.92589686,,,F,N,Yes,102,Parking Lot Way,,,1,No,,,,,,,,,No,,,,,,,2024,POINT (-76.925896861 39.022238723)
Prince George's,Property Damage Crashes,DA306200DG,Prince George's County Police,Other,,No,No,No,No,,,,No,TRUE,No,12/7/2024,12/7/2024,21,PGCOPD,98,16,3,,,Point,21:00,2024,Saturday,12,Motor Vehicle In Transport,2,In Parking Lane Or Zone,,,,,,,,,39.02281513,3,Dark - Lighted,12/7/2024,-76.9257086,,,F,N,Yes,101,Parking Aisle,,,1,No,,,,,,,,,No,,,,,,,2024,POINT (-76.925708599 39.022815126)
Prince George's,Property Damage Crashes,DA4060005Y,Prince George's County Police,Front to Rear,,No,No,No,No,,1814,PRIVATE ROAD,No,TRUE,No,6/13/2024,6/13/2024,19,PGCOPD,3,16,3,No,,Point,19:55,2024,Thursday,12,Motor Vehicle In Transport,5,On Roadway,,,,,,,6,Non-Junction,39.02296143,1,Daylight,6/13/2024,-76.92596025,N,24.51,F,N,No,,,259A6C53FC7DB1FAB743FDFEDDCCD54B96AC1737B9BE0F481A3E61748D08A35C,PV,1,No,,,,,1,Dry,,,No,,,,,,,2024,POINT (-76.925960248 39.022961434)
Prince George's,Property Damage Crashes,MSP7865000M,Maryland State Police,Front to Rear,,No,No,No,No,,1833,PRIVATE ROAD,No,TRUE,No,12/20/2024,12/20/2024,19,MSP,3,16,3,No,,Point,19:34,2024,Friday,12,Motor Vehicle In Transport,5,On Roadway,,,,,,,6,Non-Junction,39.02317408,3,Dark - Lighted,12/20/2024,-76.92492396,N,10.9,F,N,No,,,F417F4524D789507B19B189A9E50F414B0B4AEEF4C485283F6F999EC0D03F47A,PV,1,No,,,,,1,Dry,,,No,,,,,,,2024,POINT (-76.924923959 39.023174078)